p,J,MOM,MOM_nrmse,MLE,MLE_nrmse,ABC-MCMC,ABC-MCMC_nrmse,GPS-ABC,GPS-ABC_nrmse,DNN-ABC,DNN-ABC_nrmse
0.0001,10,9.358860466081932e-09,0.9674120355919669,1.0240221750739258e-08,1.0119398080290771,2.9024940968090367e-09,0.5387480020203357,7.016929973718528e-09,0.8376711749677511,6.321260826700976e-09,0.795063571464633
0.0001,50,8.680106716711517e-09,0.9316709030935503,9.587225798088421e-09,0.9791437993516795,1.9084949927767816e-09,0.43686325008826066,1.8793210161115117e-09,0.4335113627243825,1.7414030432886566e-09,0.4173012153455411
0.0001,100,4.175995403869747e-09,0.6462194212393919,4.636327646431136e-09,0.68090584124614,7.754240117066294e-10,0.2784643624786894,8.213166849448581e-10,0.2865862322137716,7.284676026041334e-10,0.26990138988232965
0.001,10,1.377246843226435e-06,1.1735616060635399,1.5951154620599189e-06,1.2629788050715336,4.596404417460738e-07,0.6779678766328636,5.098152135409933e-07,0.7140134547338679,5.053683842773863e-07,0.710892667199055
0.001,50,3.211122872964488e-07,0.5666677044763084,3.845208831056156e-07,0.6200974787125131,1.1546473916809484e-07,0.33980102879199003,1.2261024306571683e-07,0.35015745467677367,1.121468396707182e-07,0.3348833224732432
0.001,100,2.706944057167879e-07,0.520283005408391,3.287785706929083e-07,0.5733921613458876,4.327047882164034e-08,0.20801557350746683,4.287958994599344e-08,0.20707387557582788,4.209414005350511e-08,0.20516856497403568
0.01,10,3.42068412271376e-05,0.5848661490216168,4.402148497491486e-05,0.6634868873980468,2.6403278519556686e-05,0.513841206206321,1.142449371181656e-05,0.3380013862666329,8.761618647982322e-06,0.2960003149995338
0.01,50,7.710924946019044e-06,0.2776855225973987,1.1736540705302783e-05,0.34258634977626856,4.778544025147138e-06,0.2185988111849453,5.982771861352663e-06,0.24459705356673173,2.2710994359524495e-06,0.15070167337997445
0.01,100,4.011325676904322e-06,0.20028294178247738,6.079892554088739e-06,0.2465743813555808,2.6211620295009224e-06,0.16190003179434284,6.220931152327175e-06,0.2494179454715954,2.335994454985167e-06,0.15283960399664634
