{
  "train": {
    "n": 505,
    "mse_log": 0.004249414265850291,
    "mae_log": 0.05176043026050636,
    "mse_raw": 2.7131145156128625e-05,
    "coverage95": 0.9584158415841584
  },
  "val": {
    "n": 303,
    "mse_log": 0.005341183097205823,
    "mae_log": 0.05383675507188989,
    "mse_raw": 3.80787042229187e-05,
    "coverage95": 0.9537953795379538
  },
  "test": {
    "n": 202,
    "mse_log": 0.004350028013470467,
    "mae_log": 0.052380967560609754,
    "mse_raw": 4.9518690041966535e-05,
    "coverage95": 0.9504950495049505
  }
}