row,eps,GPS-ABC_acc,GPS-ABC_p1,GPS-ABC_p1_cilen,GPS-ABC_p1_cov,GPS-ABC_p2,GPS-ABC_p2_cilen,GPS-ABC_p2_cov,GPS-ABC_tau,GPS-ABC_tau_cilen,GPS-ABC_tau_cov,GPS-ABC-ref_acc,GPS-ABC-ref_p1,GPS-ABC-ref_p1_cilen,GPS-ABC-ref_p1_cov,GPS-ABC-ref_p2,GPS-ABC-ref_p2_cilen,GPS-ABC-ref_p2_cov,GPS-ABC-ref_tau,GPS-ABC-ref_tau_cilen,GPS-ABC-ref_tau_cov,DNN-ABC_acc,DNN-ABC_p1,DNN-ABC_p1_cilen,DNN-ABC_p1_cov,DNN-ABC_p2,DNN-ABC_p2_cilen,DNN-ABC_p2_cov,DNN-ABC_tau,DNN-ABC_tau_cilen,DNN-ABC_tau_cov
0,0.0025,0.3587862620873625,0.008895703755607862,0.038419298212977154,1,0.009941712931471433,0.03772589952741651,1,5.876986823883392,9.320255220706732,1,0.7545848616205402,0.007702106067020697,0.03674104964231049,1,0.006916982631749953,0.03361830126276476,1,6.6282673567366555,7.974650904479136,1,0.12270756918972991,0.010942472383279167,0.04326072030882967,1,0.011006567040271581,0.038586354177264054,1,6.193927337304487,8.925767818288872,1
0,0.005,0.43081027009003003,0.006714360799041943,0.0389544330193066,1,0.013790108428575325,0.04065261347058851,1,5.100479049485397,9.107005838907641,1,0.7679226408802934,0.006520020667281043,0.0371605541152899,1,0.009946712950922523,0.040470232686777935,1,6.2064712275665315,9.007709442058184,1,0.1503834611537179,0.006992484963525932,0.027879260908862967,1,0.009935953516067738,0.030538452890676047,1,5.1186220487983505,9.551530595361406,1
0,0.01,0.4234744914971657,0.008417800226544933,0.03685034561926715,1,0.009866263715220496,0.036191052659804684,1,5.792647176928748,9.432366514875689,1,0.7769256418806268,0.00541028277016849,0.03727171717630917,1,0.011896788375782529,0.03935034565610048,1,6.059320673979473,9.177504796405811,1,0.20740246748916305,0.017120744885030542,0.048433741793069224,1,0.002903690080304308,0.025777459675287273,1,6.886295894952007,7.82263262256214,1
1,0.0025,0.3901300433477826,0.006692290935280839,0.028165221522855992,1,0.010237310705884834,0.03692481072835535,1,5.355928896489137,9.02652536005138,1,0.7465821940646882,0.005913097992454303,0.03525014219654309,1,0.009102790380342788,0.03334588242310668,1,5.996726909798333,9.099818225189365,1,0.1023674558186062,0.001917494881999657,0.01231458573621369,1,0.017948791300785853,0.03474498689134597,1,5.336784018306762,9.00419709381189,1
0,0.04,0.6045348449483161,0.009713447512205632,0.04070456140522076,1,0.01187852501391512,0.040203111104920364,1,6.116911902017506,9.097742871809524,1,0.782594198066022,0.0061563772811105595,0.034251263025800845,1,0.011441842131804712,0.04051735087213983,1,6.122352841573268,8.802770535449643,1,0.5661887295765256,0.007247940672607996,0.03760387992022946,1,0.012981637351978595,0.03952409715272434,1,5.609845284546289,9.02536096608905,1
0,0.02,0.4598199399799933,0.007036302334625813,0.04100053703406416,1,0.011354218915702152,0.039663766763671005,1,5.6156369905006525,9.123648295479931,1,0.7445815271757252,0.007848017992386819,0.03878179341618923,1,0.006679185456890894,0.033742177297139075,1,6.347325527576922,9.105475102464021,1,0.2877625875291764,0.016896498077038687,0.04517631115945039,0,0.003068330588012123,0.025141960455147026,1,7.380170579980444,5.753618433685808,0
1,0.005,0.34244748249416473,0.014238184730321575,0.04336161582002074,1,0.006227256781351345,0.021592661651734277,1,5.596118369843605,9.360974587899829,1,0.750916972324108,0.008228003482284228,0.03917231634917533,1,0.009713373155245678,0.039096008962970843,1,5.618238398265093,9.30851405825038,1,0.13904634878292765,0.009619010056781853,0.04617944880761825,1,0.008829680010440566,0.029681329402741593,1,4.80251883143885,8.910844917005106,1
1,0.02,0.42014004668222743,0.013670253359293671,0.04153954874238724,1,0.005840571791788412,0.03482145706564658,1,6.153594239422772,9.245079900682217,1,0.7642547515838612,0.007470653146516085,0.04058240971877419,1,0.0036202631264896142,0.02923322330859341,1,6.486377580813938,8.823126606513046,1,0.30976992330776926,0.015611177909046132,0.04580605578906362,1,0.005000417820747865,0.030279727419895073,1,7.018182792774913,8.621007404826344,1
1,0.01,0.44848282760920305,0.005335284762947104,0.03329870970293615,1,0.013690068811990504,0.039268458854993776,1,4.762541099734485,8.819975025239074,1,0.7369123041013671,0.006725169221471201,0.03685244291905653,1,0.012660130437077595,0.04178173177028097,1,6.322685887180265,8.452194954864714,1,0.21573857952650882,0.005667097845366278,0.03242324300471991,1,0.015262540544982968,0.04284314044502194,1,5.85257143915626,8.943608031102771,1
1,0.04,0.5755251750583528,0.010929244492847457,0.04127435745901361,1,0.010409954510340377,0.04317487388850725,1,5.858805163993269,9.11163036397136,1,0.7889296432144048,0.006130239871813243,0.0392054201204822,1,0.013149333274427244,0.04186136419927732,1,5.839863458734549,9.119210006190661,1,0.5521840613537846,0.009424322345763774,0.04254398783496815,1,0.01247531607571686,0.042293657810001564,1,5.495092578520242,9.075987837051239,1
2,0.0025,0.3824608202734245,0.006685936294379307,0.03827217720493992,1,0.010945757704762906,0.034001756449134335,1,4.879809424519936,9.342484181037502,1,0.7792597532510837,0.006198777711449312,0.03638100543257693,1,0.0069719654387538806,0.03422092202175509,1,6.088815030806366,9.050411384209252,1,0.13904634878292765,0.019590377621173737,0.033873778873189375,0,0.0001419031306350646,0.0006438926991968075,0,7.120750462516713,4.774264472785126,0
2,0.005,0.43314438146048684,0.004415448964233478,0.02916428312896366,1,0.01264572824906928,0.03268133777047211,1,4.932709932527884,8.762280781474939,1,0.7792597532510837,0.006575721484321268,0.035041184409599094,1,0.009425017257310864,0.03308535066686402,1,5.566921285842219,9.00509951740099,1,0.13871290430143382,0.004467342815747545,0.025283385891348518,1,0.013816906436206977,0.04245568992594546,1,5.609490243232021,9.30362556525769,1
2,0.01,0.41647215738579524,0.005089860319121945,0.03059121556855233,1,0.012730700229227019,0.03973392235667534,1,5.519916121605621,9.046058159787874,1,0.782594198066022,0.006637917692556757,0.038130835648921065,1,0.010018215332671127,0.03893420784110602,1,6.33566396085471,8.832678734357955,1,0.22107369123041012,0.0017194194420600605,0.013405564980406053,1,0.01441160410863017,0.027669554650940675,1,4.954960784125601,8.198977857408597,1
2,0.02,0.4428142714238079,0.007196879977900217,0.03492779266995467,1,0.011599225381731018,0.04467746373991614,1,5.805977888322559,8.783514477252185,1,0.7675891963987996,0.005428001194894719,0.031786379538927226,1,0.009583255081001937,0.041198997874440854,1,6.040203584039277,9.020264700395975,1,0.33544514838279427,0.006913121252051493,0.035747698775722626,1,0.011192383778780885,0.04465561937496335,1,5.338755044469069,8.640625726928839,1
2,0.04,0.573191063687896,0.011121392066149042,0.040523127623008075,1,0.008677923729402586,0.03600198486667124,1,5.479483069261166,9.253385227168193,1,0.7859286428809603,0.0073561338583978415,0.04147224538590824,1,0.005258509079639633,0.032204845840734964,1,5.797199912310998,8.907039836895358,1,0.543514504834945,0.008224906502402384,0.03946241344637389,1,0.011428169483268856,0.03876061606090487,1,5.422252896231189,9.120632217185655,1
3,0.005,0.40446815605201736,0.008732359383541844,0.042228150294020564,1,0.011245830912704136,0.042888130220589724,1,5.374651579881973,9.187557209410768,1,0.7622540846948983,0.005863595391234989,0.03808347460992557,1,0.011327747183470191,0.03779541791997741,1,5.802690565118224,9.241719521577483,1,0.1417139046348783,0.0036467458362311367,0.030116853559654672,1,0.01573779085902445,0.029764995150472647,1,5.836193437116169,8.102194913089726,1
3,0.0025,0.41847282427475824,0.00408520100429486,0.030030489070944615,1,0.015481525363158359,0.03949854721936007,1,5.4406339916264095,9.129873817355174,1,0.746915638546182,0.007656653220574686,0.04023024873366868,1,0.00874639038777741,0.038288825636265365,1,6.337771145970145,8.85258856373513,1,0.12070690230076692,0.006788713248974679,0.03612208150235088,1,0.01748250892026253,0.04379315798876876,1,5.804939597709359,8.243776886246764,1
3,0.01,0.4171390463487829,0.00961956899319822,0.04093976300947847,1,0.010551568249823555,0.037592871147544456,1,5.377857460981093,9.295532277455669,1,0.7555851950650216,0.007725552893234138,0.04129369222318489,1,0.006718353194442312,0.03514103807135312,1,5.9266202620261845,8.982281180627442,1,0.21907302434144715,0.006921025729047651,0.041734900834377114,1,0.01346164018965966,0.03062415623040292,1,4.284881719375154,8.926691217200032,1
3,0.02,0.44814938312770924,0.005951218263022188,0.03404162851819237,1,0.01269058538585604,0.04044634543597646,1,5.033508953644356,9.197401292397213,1,0.7369123041013671,0.00712355760457152,0.03909857901118997,1,0.00979566937153966,0.036831062954850835,1,5.860385004611864,9.21433902750147,1,0.30943647882627545,0.009720233599764929,0.043238095162276995,1,0.009610538802551093,0.036637161958955354,1,5.060453125930725,9.367579895664258,1
3,0.04,0.6115371790596865,0.006511714068084277,0.03952356809059525,1,0.012749630794180346,0.04110367576568053,1,4.936780779855707,9.29347741653014,1,0.7842614204734911,0.006830185322206065,0.037432797187501914,1,0.009531640883608451,0.03889656741772426,1,5.82945321243244,9.272695608062522,1,0.5665221740580193,0.00508371032169045,0.027711299525016022,1,0.01379420368568529,0.040475093443193,1,5.141196848713305,9.285013347392159,1
4,0.0025,0.2764254751583861,0.013713984562895458,0.041659255611996314,1,0.004561403719182951,0.01816855192294423,1,6.000253677948705,9.338528207086368,1,0.7405801933977992,0.008402893522550253,0.03754154801299062,1,0.008059381792435373,0.037734990008027804,1,6.045088647135307,8.955381292102349,1,0.13604534844948316,0.013734092136000901,0.045437642957186684,0,0.008216985831413882,0.03369717282289298,1,5.649205542366431,9.239481168434867,1
4,0.005,0.3804601533844615,0.009010117306819821,0.036494314247239576,1,0.009889774392342988,0.03804434247295178,1,6.206510637494072,9.059691180035783,1,0.7629209736578859,0.006382209902177854,0.0376317979048031,1,0.010317359895813682,0.0364573357405231,1,6.156715320671052,9.040646486681156,1,0.13871290430143382,0.012585616290239325,0.03777334259112138,0,0.007492233938765406,0.03671759803759289,1,7.607327642501052,5.745048164561546,0
4,0.01,0.42280760253417804,0.006038641201531949,0.033919742516514764,1,0.014398627304738036,0.0394132291308554,1,5.40626366889935,9.249812626767854,1,0.7555851950650216,0.0066602632670282064,0.036487667720915905,1,0.011126444795369733,0.04135614742858646,1,5.744273032670306,9.275980699996216,1,0.21973991330443482,0.005408426094548208,0.037204309723562125,1,0.014145457302813837,0.035065744546625886,1,4.739390252652775,8.989194457348797,1
4,0.02,0.41080360120040016,0.013947627717190556,0.04532416834200372,1,0.0059169876223917305,0.025153418440448758,1,5.881056812781199,9.176175681078877,1,0.766588862954318,0.008270412616516072,0.04443582777427156,1,0.006680857316545799,0.03817465461003643,1,6.71523123477501,7.877742025201858,1,0.32744248082694233,0.013069298780149964,0.04987643492711925,1,0.007410832637142719,0.023092675282677888,1,4.870975383100354,9.169626945945298,1
4,0.04,0.6178726242080693,0.00593301541372436,0.03581873091479657,1,0.013396874237782581,0.03973589744012831,1,4.795616229701199,9.209907302966018,1,0.7782594198066022,0.007493265140622094,0.04306349893670023,1,0.006890215089643928,0.032345433124362284,1,5.542737327950144,9.317462051342924,1,0.565188396132044,0.007821358822584652,0.03974300024901141,1,0.012090492911697361,0.03918794034662849,1,4.880075835536103,9.318520003648153,1
5,0.0025,0.35311770590196734,0.011723765310112608,0.04095654538479247,1,0.006282939855042088,0.02703515179934038,1,5.600776668947597,8.948990003773119,1,0.7542514171390463,0.006447648447871838,0.03690331094922655,1,0.008367462230994053,0.03521781257440493,1,6.0313926550642885,9.074975569176653,1,0.11703901300433478,0.011952312050303605,0.03527070076729605,1,0.006040608114203031,0.025994609978412676,1,6.8857596946306145,7.631813020854469,1
5,0.005,0.3837945981993998,0.006483630386118588,0.035001843429350206,1,0.012379157419696103,0.03795197969397984,1,5.31671347897597,8.79985508133539,1,0.766588862954318,0.009290453855659539,0.039495171681230935,1,0.008386740896555998,0.03860513703465642,1,6.224315087312387,9.233910071703248,1,0.14938312770923642,0.012306307492364475,0.04641620528511915,1,0.006790322616229789,0.034425451084983794,1,6.23473658483765,8.801157665990258,1
5,0.02,0.5011670556852285,0.006077622709986907,0.03233249986016308,1,0.013004377635767965,0.04454978610195226,1,4.875847817102478,9.291020600682183,1,0.7619206402134044,0.008056486163978954,0.039551801516824234,1,0.009475879913740784,0.0417056444105892,1,6.070009344952459,9.249889978465607,1,0.349783261087029,0.009969849148394251,0.04062612821894274,1,0.009588845338630886,0.02898626899276297,1,4.7966143479350265,8.806291885115051,1
5,0.01,0.3997999333111037,0.009158321474037858,0.03945734883536149,1,0.009993787291407905,0.03836892807863878,1,4.5917912104006415,9.052993704187298,1,0.7715905301767255,0.006194250619951974,0.039157517381448625,1,0.007756387563257972,0.0328334037313683,1,5.325059306506002,9.262171368626042,1,0.15938646215405136,0.016973574162076788,0.0469810942189314,0,0.0022666180599738373,0.023317489620770994,1,7.275608979495142,5.389235153154883,0
5,0.04,0.6142047349116372,0.007938629090374969,0.03879016620737433,1,0.011771086555087884,0.04102132591079686,1,5.3866741003921295,9.322809100975245,1,0.808269423141047,0.006446218996648439,0.037979745872851835,1,0.006262963813774458,0.031269375683218005,1,6.0873129187036685,9.012037876343587,1,0.5485161720573525,0.009335631916519592,0.03870648502209009,1,0.009726477366307211,0.038265712296874206,1,5.504761332912421,9.146515340152275,1
6,0.005,0.43347782594198064,0.006947848884487523,0.040144457083869836,1,0.011228477747133212,0.036543024856928924,1,4.6514277873741445,9.041916723173975,1,0.7732577525841947,0.008352592763012055,0.04043264853229973,1,0.005787555515845694,0.02958976842284642,1,6.113111067840042,9.060738090084909,1,0.1533844614871624,0.017745875302252793,0.039767953665201146,0,0.0013474652577879897,0.008678755088882707,0,7.153355397029214,6.809202481728236,1
6,0.0025,0.36212070690230075,0.008734075357524471,0.04175467794156202,1,0.011202820149900431,0.040393612318745935,1,6.195747485633867,8.961118314106356,1,0.7709236412137379,0.0064104818963853505,0.0385707215867364,1,0.008475236805554247,0.0383377293364212,1,6.003247168544412,9.072965961609688,1,0.1397132377459153,0.018680047387732168,0.04438459346595412,0,0.0021063852762209447,0.009542186453665084,0,6.325073367727369,9.490718381459894,1
6,0.01,0.3887962654218073,0.005651100842047604,0.036778313381267684,1,0.011082115726962136,0.03685745792194279,1,4.886189152145631,9.21111612156584,1,0.7855951983994665,0.006652431981013469,0.036096006108826795,1,0.006827703351083924,0.033161528469159735,1,6.2119368659366225,8.912559454940325,1,0.1930643547849283,0.016208903138413965,0.04259100915485045,1,0.003800926009084831,0.020099713291916912,1,6.447369460996201,8.161004547839006,1
6,0.02,0.48249416472157386,0.007901986766701303,0.03849907645227566,1,0.009697287704841916,0.028370229815262653,1,4.524308485325988,9.159943725483561,1,0.7582527509169723,0.010946025065014096,0.04363587384880838,1,0.004322209741533076,0.02512977992026354,1,6.227523546605126,9.129550018009414,1,0.33777925975325107,0.009848893341776592,0.038204921940810245,1,0.008586010196847354,0.03873456380072436,1,5.56316992423217,9.42559474083584,1
6,0.04,0.5778592864288096,0.009130530875942544,0.04023857924557083,1,0.011213719649584276,0.04186009422541872,1,6.087646523530755,9.134708421181298,1,0.8002667555851951,0.005989273631907713,0.03609834404100229,1,0.008006008774365608,0.03669032788804858,1,6.367431064192875,9.071995158921135,1,0.5465155051683894,0.006544074164131859,0.03364081319096584,1,0.0131020571124599,0.0403221517649288,1,5.6125261294123385,9.146487732269007,1
7,0.0025,0.3174391463821274,0.010259877841175434,0.03911613304142366,1,0.007314969802713316,0.042497768987302134,1,6.285817688687751,9.057857982972811,1,0.7605868622874291,0.007242157452685547,0.03683077704603564,1,0.006584277590550129,0.03622562087270522,1,6.642347299371687,8.606659705720578,1,0.1150383461153718,0.0063396368105502416,0.04206670714081122,1,0.01229042464905924,0.034799293887890013,1,5.51816752149514,7.922860952816843,1
7,0.005,0.40746915638546183,0.00844112558404609,0.04749235380847703,1,0.009766840873569783,0.029975072995402554,1,4.444168857088531,9.114641171734885,1,0.7779259753251083,0.006111658081435436,0.03766712571824437,1,0.007295423683813025,0.03362670784880957,1,5.598164075581233,9.189696679186646,1,0.13571190396798932,0.009168414358897162,0.04821495258922114,1,0.00880794851896869,0.020318779598959023,1,3.955584078166231,7.678966486613443,1
7,0.01,0.39413137712570856,0.007949787839228502,0.03243252619191082,1,0.009966418205054143,0.03419297143062482,1,6.004550198799992,8.99212554415698,1,0.7832610870290097,0.006593869029794653,0.03542785511312825,1,0.008376606585176393,0.03581739826686847,1,6.31648639275049,9.033096617279424,1,0.20873624541513838,0.0048959903371837725,0.026827572478681713,1,0.015559406985703158,0.04445230840271423,1,5.856689770323933,8.7742969359039,1
7,0.02,0.3951317105701901,0.017127979040828363,0.046670572216661294,0,0.002527752501581026,0.01688802576172859,1,7.082157949756209,7.27741192420342,1,0.7605868622874291,0.00791217724830118,0.03913222202152087,1,0.00759941618099525,0.037805487579678575,1,6.196827946011741,9.058685176412864,1,0.2784261420473491,0.017583794415177562,0.04824990237787411,1,0.003925662611405061,0.024718549768841674,1,6.555268407912201,8.39514985932011,1
7,0.04,0.5845281760586862,0.008607000880174962,0.038073694623614575,1,0.009669208635965421,0.03518782703283856,1,5.174254728252094,9.259542229279289,1,0.8146048682894298,0.006423016342119183,0.03857059644130834,1,0.006770463646629864,0.03125847406397192,1,5.850392515611127,9.087037302489518,1,0.5508502834278093,0.009429203421817755,0.039646507344501855,1,0.009917027314370915,0.036293071041978195,1,5.479992743730024,9.109137671718681,1
8,0.0025,0.3547849283094365,0.011612566734516447,0.04465363417882257,1,0.006569965848809146,0.03405899409657715,1,5.852327945408346,9.10940320483188,1,0.780593531177059,0.007694686821640533,0.038693898030236824,1,0.0062946260634685735,0.027820114912741802,1,6.062651020673382,9.028307225629753,1,0.12237412470823608,0.004573439666151678,0.0476338836758756,1,0.015517069519358316,0.04180430988210457,1,5.2646809310506315,8.722209341638852,1
8,0.005,0.40713571190396797,0.006305434666127595,0.03391209018900765,1,0.010573112270937428,0.035055660971374115,1,4.962365171499555,9.076849869431392,1,0.7875958652884295,0.007902489365730183,0.04008910489176978,1,0.003447180987656419,0.022024197878466538,1,5.8484987922654925,8.926951022491957,1,0.13771257085695232,0.006324735303392545,0.03685838395789209,1,0.010676055766305157,0.03710727431094754,1,4.5715552841089595,8.997458330528396,1
8,0.01,0.3757919306435478,0.01338477397499418,0.047326956014301716,1,0.004675197830246775,0.022735230572354534,1,6.299390570554085,9.075273163768973,1,0.8056018672890963,0.005936394327035208,0.03807220868965356,1,0.006356773518239628,0.02920359989682735,1,5.8081001574660664,9.06868237104492,1,0.21273757919306435,0.005110033033685021,0.02317861556575678,1,0.011380097845465176,0.03756688647019216,1,5.519799793664586,8.825419417371068,1
8,0.02,0.4628209403134378,0.007453612044151247,0.032024925249109056,1,0.008490766666170749,0.03348981688477223,1,5.394092512939311,9.028115558035575,1,0.796598866288763,0.0050527647453353225,0.032803211997105244,1,0.008739471712617663,0.03603766794356791,1,6.324370541321916,8.724598435911215,1,0.33311103701233746,0.009981743040132147,0.03943223974675102,1,0.008054564898632868,0.0339714047495125,1,6.137612730571027,8.9569898365236,1
8,0.04,0.5698566188729577,0.00928350974128001,0.04186666583903611,1,0.010468545000939602,0.038531375633439946,1,5.52939859636607,9.02089020096609,1,0.8009336445481827,0.007976004003629588,0.03844058710666372,1,0.005479361143808028,0.02788976058857726,1,5.953271572340155,8.904402276710497,1,0.5255085028342781,0.009642161739031796,0.04205920389972616,1,0.008150617955366155,0.02863235350318091,1,5.1367828704908804,8.850304958004912,1
9,0.0025,0.3837945981993998,0.00751343426640647,0.04283197395465904,1,0.012821835167609423,0.043195569052669976,1,5.370213517117805,9.43362151758213,1,0.756918972990997,0.007681475675033722,0.04024668595484389,1,0.0105555180191894,0.0363328330142473,1,6.093357891164484,8.947616182915105,1,0.11203734578192731,0.0030476080160699377,0.012990735459243369,1,0.018521762655391107,0.03758888725836281,1,6.666192275277427,8.550343127275852,1
9,0.005,0.3691230410136712,0.01057127610143952,0.04156812714147013,1,0.008892111266348835,0.04005377953977616,1,6.3970373703197225,9.070031737592235,1,0.7632544181393798,0.007139656064090272,0.03814605144750344,1,0.009393936944631604,0.035414951372970745,1,5.892245015855289,9.105019670620187,1,0.14538179393131043,0.009230503557966667,0.03964029069938666,1,0.01104373585921669,0.03302712950216692,1,4.406613904093835,8.424896749685173,1
9,0.01,0.4454818272757586,0.005062513151376679,0.03733965339880215,1,0.013390354514016793,0.034971786722477465,1,4.717572290114889,9.172999745361684,1,0.7495831943981327,0.009641433615638163,0.04176334776855086,1,0.006136186102756316,0.030798789765189027,1,6.042543614869447,8.685701074021416,1,0.19706568856285428,0.012051293153239188,0.04872438617753817,1,0.008737309104484363,0.02670570011594819,1,4.912523235247207,9.292888091079483,1
9,0.02,0.4171390463487829,0.009077214432378864,0.03412975026005159,1,0.010197436018205724,0.04210171573684457,1,6.1362891392809775,9.161845885411298,1,0.7602534178059354,0.006958337813991154,0.034367178228826595,1,0.009163361424412028,0.03715306672951054,1,6.000689245131489,9.322688450873429,1,0.26075358452817604,0.017995142312583645,0.046183930387650285,0,0.003078845765584576,0.019680167982365503,1,6.422338063906775,9.249961794440395,1
9,0.04,0.5761920640213405,0.008471196180159325,0.03993158744391983,1,0.009931074519598624,0.035898711379353306,1,4.913113199435323,9.184628691630849,1,0.7862620873624542,0.005625039285813754,0.03586529839365438,1,0.009476734731933736,0.03497623074033786,1,5.144121203461664,9.143108589017608,1,0.5365121707235745,0.009295314147804035,0.03930391215468268,1,0.009692375945089846,0.03741780434945312,1,5.518165822027809,9.20074793607797,1
10,0.0025,0.39913304434811603,0.010047145421365769,0.03649045580617724,1,0.009827247202536901,0.03982035398093956,1,5.580991367122895,9.17844890361904,1,0.7725908636212071,0.007605779729314614,0.0400829723008257,1,0.009970129143716928,0.03978454067538251,1,5.910772626753215,8.826574533225175,1,0.12137379126375458,0.007257690425877553,0.04000610372627147,1,0.01316919284888462,0.04528616993086378,1,4.3179699390144455,9.427641753283224,1
10,0.005,0.40713571190396797,0.0048927897669417035,0.04395543254054984,1,0.01341706682315853,0.041309917305235755,1,4.61530641943079,9.339259053351714,1,0.752917639213071,0.005918617714473647,0.04037227444040041,1,0.008483564455864998,0.037665006183787375,1,5.893576924791558,9.043877980821126,1,0.1437145715238413,0.00489612198062105,0.033374353691099166,1,0.013631404979365012,0.03790930385715449,1,5.498690309294746,9.023554389070338,1
10,0.01,0.43547849283094364,0.006607614790945253,0.035195890525018744,1,0.011116558599863989,0.03725464185741781,1,4.530560460516457,8.9351424224904,1,0.7522507502500834,0.005259905390264243,0.03947739259616035,1,0.011635892461758682,0.035883903124737736,1,4.953582458449884,9.15383848110748,1,0.2110703567855952,0.0034993012516768215,0.01670023693213143,1,0.010376250363470682,0.024625556403920588,1,4.005335843568373,8.872207933854567,1
10,0.02,0.4428142714238079,0.006623469512385002,0.03369366346248673,1,0.013165104676275529,0.040724646454436804,1,4.772652719079833,9.191078840879564,1,0.7735911970656886,0.007605629979799547,0.03974014148211678,1,0.008190009403444592,0.03518812949256491,1,5.924363136464528,9.128475680459436,1,0.2917639213071024,0.012870212386647652,0.04740702685984766,1,0.010167600364110914,0.04067283344106951,1,6.315084174119713,8.49467329266688,1
10,0.04,0.6238746248749584,0.007986421974200308,0.039090309750746226,1,0.01227942598420357,0.04092073083169747,1,4.599711297874148,9.080589482324674,1,0.7812604201400467,0.007036162421845518,0.038063183815355776,1,0.007234453234226406,0.030645186051519113,1,5.810448015756122,9.088904759216902,1,0.5705235078359453,0.0072242376455618545,0.03779573410472097,1,0.012647362474580075,0.042573544232691704,1,4.813264684763741,9.19646866048311,1
11,0.0025,0.40013337779259756,0.0037403713596750768,0.02050001025088602,1,0.014080110428959607,0.043680380938731236,1,5.2875207883011175,8.93820315545049,1,0.7702567522507503,0.00468637815254941,0.03264194201491687,1,0.012150275069821024,0.041821290735587005,1,5.831620788395798,9.337314546630413,1,0.11870623541180393,0.0041105664506276614,0.025061252684671798,1,0.014194818102948243,0.041833263372733506,1,5.610972037220818,9.111962043036321,1
11,0.005,0.3761253751250417,0.0077071240970132265,0.0446616577307402,1,0.011093068573199681,0.038633378528899275,1,5.086488186033996,8.967321057171922,1,0.7659219739913304,0.00500383991906954,0.03095638313274676,1,0.009411804646725768,0.03506452916655466,1,6.063999331422816,8.888636421476923,1,0.1417139046348783,0.006582956720834231,0.03252308517364825,1,0.009516171834879352,0.02499076598617803,1,4.88491088688596,9.072116558383021,1
11,0.01,0.3324441480493498,0.012722797913125299,0.04176001322585415,1,0.006774477577561372,0.026355103294011698,1,5.583834637525045,9.08920653583252,1,0.7495831943981327,0.007607591969034657,0.0365764955610676,1,0.009055121686372786,0.035232415414349676,1,5.836104210857995,9.159734734752847,1,0.22340780260086696,0.006161695328422923,0.03523263207212973,1,0.013256146561019224,0.037845167037236366,1,4.444252713264803,8.944974717471458,1
11,0.02,0.43947982660886964,0.01043454549280638,0.038419372780475095,1,0.006752175740190366,0.026379725911803466,1,5.818653811739624,8.9909590955953,1,0.7669223074358119,0.006890178290493448,0.038327817631463014,1,0.007438710362815002,0.03535943286064365,1,6.0659307459742084,8.707576426127593,1,0.35545181727242414,0.007981411028858217,0.03974349781543413,1,0.012600313541069155,0.03726524714506271,1,5.4048950122828865,8.642199846419059,1
11,0.04,0.5785261753917973,0.008082067044271017,0.03751201148353147,1,0.01114325670596849,0.035725893271002875,1,4.96729554067795,8.912016090903414,1,0.788596198732911,0.006769321086363354,0.03851923351207729,1,0.006403447927452607,0.030016743941783663,1,6.250083569155654,8.76158539302968,1,0.5398466155385129,0.008586637298789999,0.037505468452165916,1,0.010609002443082417,0.03127947990871339,1,5.068227129775332,8.991891660822176,1
12,0.0025,0.32544181393797933,0.017719824210273374,0.04358178050383545,0,0.0023491988109113305,0.014692583023757623,1,6.695430001389869,9.126316676231635,1,0.750916972324108,0.010150362948570092,0.045402828057176894,1,0.007101392248680932,0.03272562374888879,1,5.8026552478761255,8.917550061616861,1,0.12804268089363122,0.016095037547550158,0.0496960292674027,1,0.003984959849514069,0.03153180625018618,1,6.719561694492655,8.783378778429038,1
12,0.005,0.4094698232744248,0.007735628015294075,0.03747963322937479,1,0.012637955436591597,0.04330540813200381,1,5.57640329950768,9.15266942307181,1,0.745248416138713,0.0076366676929047386,0.04016277047765146,1,0.009996498001505597,0.0358172414158895,1,5.952192668875011,8.972464849003789,1,0.15371790596865623,0.009836511593854689,0.04027021378091088,1,0.010467161503857202,0.020776929582381417,1,4.101769857402621,8.591010093506233,1
12,0.01,0.3847949316438813,0.010581936068753848,0.03937676950577762,1,0.009463850892876456,0.03599654538871086,1,5.9266719397885606,8.721623239952494,1,0.7625875291763922,0.007479738583492321,0.040863259324520784,1,0.008234006683558757,0.031967311704640455,1,6.20099854016302,8.634744281852942,1,0.20073357785928642,0.010101877440353117,0.04138290888127739,1,0.010638243501613555,0.03220367186318791,1,5.2122013921997885,8.965422427757453,1
12,0.02,0.4554851617205735,0.010183438191786374,0.038592958479898666,1,0.008973704858548587,0.03205126153648276,1,5.531219390428158,9.185244358841892,1,0.756918972990997,0.008189795043977202,0.03664919110827918,1,0.005937988881441816,0.02933993377807035,1,6.247577597130814,9.120913220206571,1,0.31510503501167053,0.006352809558932389,0.034329441986872294,1,0.011095050595725343,0.025720539893544506,1,4.446173209413811,8.845391516063394,1
12,0.04,0.5715238412804268,0.009316297936786733,0.040850377920416896,1,0.010625413595056376,0.039082894032933024,1,5.503200519313836,9.21510776056433,1,0.766588862954318,0.007930823369637319,0.041006818695520406,1,0.009200801873591024,0.034712895787732526,1,5.9116240906265585,9.086774984226706,1,0.5111703901300434,0.011682245165589708,0.04201823263176043,1,0.008992893036349574,0.03471102122467243,1,5.922939339356973,8.977536439511036,1
13,0.0025,0.3977992664221407,0.0074670146904204406,0.04030507497863487,1,0.012073233990569825,0.037381920156830194,1,4.540993833849035,9.221358820466447,1,0.7289096365455152,0.0106089820262368,0.043721638711080396,1,0.006339803486813487,0.033391291808657714,1,5.802448016534596,9.076791570566256,1,0.13137712570856952,0.009591591051759451,0.04007227628963212,1,0.008601334378069807,0.027353401703971162,1,4.572909512593393,8.998176875429042,1
13,0.005,0.41547182394131377,0.0053394596734211855,0.03266574212664332,1,0.015906495764793038,0.04476454210326857,1,5.791198965289161,8.981143443522281,1,0.7505835278426142,0.006777634758307194,0.038831177028770675,1,0.009348405198818358,0.03837118833572187,1,5.917254104066545,9.266626080449377,1,0.12670890296765588,0.005972099261881053,0.03506736681671257,1,0.015223979197559245,0.048125421662587715,1,5.309413382695047,9.312571003424708,1
13,0.01,0.43014338112704237,0.005244433022383623,0.031274553986851,1,0.013503717315828464,0.03482562727334575,1,5.0719352947519925,9.062185722042086,1,0.7305768589529843,0.008746178486492624,0.040321839025502106,1,0.007973190507854295,0.03157276284427172,1,5.975802310786564,9.099315106627214,1,0.18706235411803934,0.004338644360232612,0.03457567385837909,1,0.014742608066294221,0.04632823316607848,1,5.178378614684022,9.085056301601693,1
13,0.02,0.4478159386462154,0.008887207486982148,0.0431221068952768,1,0.011094404895898883,0.04049885877324025,1,5.425022584297331,9.241522214514536,1,0.764921640546849,0.007125938321426803,0.03736134089514137,1,0.009263602460301602,0.037706287564384586,1,5.96356963288699,9.069650836507295,1,0.3177725908636212,0.010470245376429287,0.04164908225676972,1,0.009779141287582267,0.035819481636158314,1,5.558268203008668,9.422499874448466,1
13,0.04,0.60486828942981,0.009920436817648903,0.038725869428423036,1,0.009473954504984455,0.038240513546086805,1,6.436183429175596,8.948340233441892,1,0.7905968656218739,0.007264161213109257,0.038143954834933956,1,0.00867379154123748,0.03887750852184642,1,6.566744222317655,8.759721879247088,1,0.5441813937979326,0.010097828943771448,0.03848743499881493,1,0.010379419962758384,0.04137995885804552,1,6.595608537467965,8.891426772746025,1
14,0.0025,0.3987995998666222,0.005588086014446054,0.02948887537658634,1,0.01136414246049933,0.03636798870981148,1,5.014435790451307,9.134753882613342,1,0.7682560853617872,0.006417659064487334,0.036103868878387214,1,0.008964932524855567,0.03493438868449626,1,5.977637436922605,9.301609588645963,1,0.11803934644881627,0.014159647344875936,0.04246517773722471,1,0.008059674375249773,0.03680480977388091,1,6.831759219313098,7.484730949578436,1
14,0.005,0.3821273757919306,0.012815848910884605,0.04346808281961,1,0.007910313768722923,0.03505201346641094,1,6.167311425294002,9.058846080327818,1,0.7675891963987996,0.00954835997688426,0.04050063660998238,1,0.0069752699575931386,0.029790892420436237,1,6.328329184190387,9.17360524557378,1,0.16272090696898966,0.013053872939034252,0.04370604020365793,1,0.006464445972744221,0.029991007067462834,1,6.781726477219794,7.576945940236846,1
14,0.01,0.434811603867956,0.006133377014783257,0.034014087059412626,1,0.012747600578152078,0.04341287094343559,1,6.19572470882149,9.121911182171152,1,0.780593531177059,0.006553807605871466,0.03282907373443863,1,0.0075692622463284405,0.036822703062169296,1,6.712687548922266,8.417233481748823,1,0.19139713237745914,0.010782243393721086,0.038313587813728504,1,0.005121475967012876,0.028613663997315724,1,7.0770868340459945,8.156431692987155,1
14,0.02,0.4794931643881294,0.006597005246225723,0.0343692832490327,1,0.011742255206513902,0.0349965867841069,1,4.797688434516519,8.962789879571112,1,0.7759253084361454,0.006500080204040213,0.03895119731842427,1,0.012832812525644869,0.03875459828041345,1,5.478916837870591,9.055738451457694,1,0.3134378126042014,0.008036672846545597,0.0412234262273546,1,0.010155745446412472,0.03682711649184194,1,5.6297914660970365,8.84782270706582,1
14,0.04,0.5611870623541181,0.010249440437023296,0.04088047082862953,1,0.008105483815774077,0.034358960485343294,1,5.237971648667692,9.249035720102393,1,0.7779259753251083,0.007811246528630921,0.042796938302518905,1,0.005054631383765727,0.028816283887340106,1,6.109419179757656,8.842445965592479,1,0.4928309436478826,0.015491250685003809,0.04517855924813984,1,0.005573081787438339,0.02552713233465474,1,6.217176943611114,8.419418388514995,1
15,0.0025,0.40980326775591863,0.007034563437818478,0.034183504158949,1,0.012741685793992926,0.04205669284462352,1,5.270113445990397,9.187338966100535,1,0.7365788596198732,0.008991372730108946,0.03988539598255949,1,0.008048920279526244,0.036694406793121165,1,5.899016502312436,9.334728052813944,1,0.13704568189396465,0.02131746245682793,0.03687515384589511,0,0.0010558023518425692,0.009378106535118131,0,6.575163552729205,7.965107017180903,1
15,0.005,0.41547182394131377,0.002834379011676204,0.01768108857295935,1,0.014730788940118113,0.04486613714420374,1,5.134165589391069,9.199864908077101,1,0.766588862954318,0.0075366250842821315,0.03799975740300453,1,0.008549102398187907,0.04027967852681943,1,6.6231282850518545,8.80221083665325,1,0.13204401467155719,0.010215232119166619,0.03921550297540183,1,0.005922816738313009,0.020997744156583675,1,5.90397250709191,9.386049616988455,1
15,0.01,0.3934644881627209,0.011561906903238455,0.0410496609164926,1,0.011099564844406306,0.042368577772058394,1,6.2809059324572685,8.661518062580157,1,0.7189063021007003,0.009644058245760222,0.04266633093630434,1,0.006015820772688952,0.03091775580188999,1,6.2286612996634,9.021973559974796,1,0.1973991330443481,0.012561028753069874,0.04167515771023823,1,0.00977768234996288,0.04216993105934776,1,5.731957168083759,9.228780785103305,1
15,0.02,0.4731577192397466,0.009928300463269738,0.04084145167351225,1,0.01036558490886669,0.03964085179216211,1,5.650062993383324,9.263687603533745,1,0.752917639213071,0.008394438169654126,0.04356920982442411,1,0.006486544099132806,0.03289032603704794,1,6.129332536786865,9.176332046645557,1,0.3434478159386462,0.01258912796297995,0.04289396470759728,1,0.008316699682044744,0.038080216023227725,1,6.195845714169861,8.934369020243158,1
15,0.04,0.5958652884294765,0.008711180949616017,0.04207058158613932,1,0.012684535117270659,0.04175090543477997,1,5.6614681647259095,9.165552643126313,1,0.7872624208069356,0.007253200322888807,0.03908055310133981,1,0.008234123682837175,0.035582529565345765,1,6.1242698492687415,8.895906610035698,1,0.5581860620206736,0.008441105742056679,0.041387382470593995,1,0.012636533832486202,0.0419628651079782,1,5.669359781126683,8.965707085694406,1
16,0.0025,0.3864621540513504,0.0031219063655016947,0.030212627567085468,1,0.010603548933868804,0.0351108046378548,1,5.415165452656966,9.203286845617644,1,0.8412804268089363,0.0038159386524100254,0.028628308079720707,1,0.005810257605564255,0.03142220020046705,1,5.810454523098136,8.939428499577843,1,0.11737245748582861,0.003519286056518208,0.033697718530226906,1,0.011726618178060203,0.043565208777461825,1,5.956099406074529,9.254278264926207,1
16,0.005,0.3694564854951651,0.0057533166835067075,0.038204676821777715,1,0.007406471206619211,0.032770879628256824,1,5.440114323424848,9.002920940953528,1,0.8522840946982327,0.0048630500921880695,0.03387821688662289,1,0.004454430944304442,0.023584648787188578,1,5.751284695777722,9.164980022149848,1,0.1503834611537179,0.004850190300188678,0.02915291296208513,1,0.007444236926308596,0.028208769332485027,1,5.1628274084194175,9.326894363849359,1
16,0.01,0.32677559186395466,0.008927907861952905,0.04086317313631099,1,0.00451145207019591,0.023697756000114506,1,5.895487959095409,9.294436153225716,1,0.8512837612537513,0.004406239947665756,0.02925869487605504,1,0.002860391691998939,0.021534747980224724,1,6.32933620857058,8.886936156762836,1,0.18306102034011337,0.009569015526535985,0.03870083796574918,1,0.005912671600027102,0.03382033170940851,1,6.555111880028328,7.605410841764582,1
16,0.02,0.41747249083027677,0.00785138572631278,0.0443438249826564,1,0.004943267638011303,0.017183803658644446,1,4.780960418544911,9.118267935238084,1,0.859619873291097,0.00501506260757938,0.03611682261958997,1,0.002718275801659848,0.017655804888348527,1,5.50174114302949,9.236681162199263,1,0.322107369123041,0.006455863163970777,0.03335047567607841,1,0.006244447333227135,0.024141813579128285,1,5.076520319536863,9.25293425176361,1
16,0.04,0.5701900633544514,0.004986940145887221,0.030201461904998343,1,0.009712650233529617,0.0374897251515044,1,5.670558614375297,9.111215140132606,1,0.8409469823274425,0.003895131154825024,0.02955715376691532,1,0.005302530575831958,0.02657081020000156,1,5.870857868268289,9.205556955223733,1,0.5148382794264755,0.005167963621919212,0.030027006092065624,1,0.008620653978613686,0.037763881969445426,1,6.192757893135759,8.780452322439832,1
17,0.0025,0.32777592530843613,0.0068338812656347885,0.0443237534269367,1,0.007993435140168733,0.034607875910231824,1,5.9507717773699405,9.192804408112469,1,0.8476158719573191,0.005468723362392791,0.03618148177480659,1,0.0030887853301804656,0.023075004012434026,1,5.8524448262367255,8.82547039394067,1,0.13304434811603869,0.009460507705404707,0.03649104816116022,1,0.0032870798153186672,0.00820981860273261,0,4.375793120256869,8.438835579403836,1
17,0.005,0.3884628209403134,0.005127274565013387,0.03520026836367207,1,0.007282452025404387,0.0213732868280424,1,5.510455553146651,9.34823897069188,1,0.8486162054018006,0.004996982732223337,0.03269159124851232,1,0.0032984480213725615,0.017957973550291054,1,5.709777399336091,9.055316233729304,1,0.13571190396798932,0.003733767161234134,0.026516588402444488,1,0.007916367809518092,0.033848674963680124,1,5.08402901644829,9.294834965712884,1
17,0.02,0.43547849283094364,0.007634779527306212,0.03909822628464209,1,0.007057711232172825,0.030808175462972435,1,5.797288260804265,9.128893560352285,1,0.8432810936978993,0.003809375841101271,0.0261866739661977,1,0.0051194102098235175,0.025162221981780367,1,5.778013302466228,9.308029599800678,1,0.31643881293764586,0.006198342575867564,0.04537797412252007,1,0.008959392351945159,0.038334160694358285,1,6.245610832976998,9.19860454566129,1
17,0.01,0.38546182060686895,0.0048003152503490335,0.03263504303164923,1,0.010697991201319321,0.039290456299796696,1,6.451809685055656,8.988629393408488,1,0.8326108702900967,0.004030779971797125,0.029658376640552018,1,0.005396093967022852,0.02773629699181086,1,5.986193580889985,8.841632893418538,1,0.20340113371123708,0.0019812750233559225,0.020361321323818703,1,0.010089589905707783,0.0365694224575945,1,5.519070396378878,9.351711255589848,1
17,0.04,0.5748582860953652,0.004934696589268123,0.03260484099793532,1,0.008888323954726373,0.03371468852221635,1,5.228686781241236,9.270457615465912,1,0.8516172057352451,0.0036400811528372397,0.031014967073863798,1,0.005176738549807741,0.034643151528912064,1,5.378978647672924,9.302084824798017,1,0.5188396132044014,0.005840448646750607,0.0319822978000105,1,0.007804149202173772,0.03225919071420777,1,5.513343618477362,9.378225294312873,1
18,0.005,0.345781927309103,0.005468840590455743,0.03632236565835418,1,0.007545747614094705,0.03454406739513338,1,6.118907856532562,9.202413695752586,1,0.855618539513171,0.004047464817311976,0.0299024967089597,1,0.0032272103045261867,0.020713809393599115,1,5.569150139035328,9.07374244129412,1,0.14871623874624876,0.004547617687564736,0.033857644568227756,1,0.00550184584576234,0.01982490163862236,1,3.5110186008353357,9.264376327060024,1
18,0.0025,0.3434478159386462,0.004658046763389958,0.024098298010826153,1,0.007100274991238983,0.02949013178962621,1,6.427083807870113,9.220150423906997,1,0.8646215405135045,0.004281036897403295,0.029606077335262375,1,0.004037954262754783,0.020127202861116786,1,5.62487116765218,9.177945916393904,1,0.1300433477825942,0.00378854090739175,0.025585350001394853,1,0.009428089272607713,0.030674377985997564,1,5.556459512703689,9.083356216631985,1
18,0.01,0.3977992664221407,0.0037677559227171616,0.023706318606987162,1,0.007789708065371379,0.031100471441503765,1,5.26305318241237,9.174473117987262,1,0.8426142047349117,0.003280696618136961,0.025721397055696683,1,0.005007752661863727,0.03164262864199082,1,5.45984421369478,9.301043823469438,1,0.19039679893297765,0.003888486059430897,0.02573734015252587,1,0.0069627446947324685,0.021683596548671268,1,4.812354162502524,9.11028176015841,1
18,0.02,0.38112704234744915,0.005484693914358541,0.03786248810206479,1,0.00688906718247078,0.027125679652166557,1,5.738533710689716,9.268025241970218,1,0.865621873957986,0.0029810416781860054,0.02568708501519993,1,0.002809069179641504,0.016999831930057913,1,6.010726276485934,9.04299745153948,1,0.25641880626875624,0.005390009395305877,0.03068112822238837,1,0.005165832733375125,0.023214470559158068,1,6.112156339022942,9.061346491801306,1
18,0.04,0.5438479493164388,0.006849580322707151,0.03800448594061963,1,0.005356248224619859,0.027133746108648275,1,5.966538130701392,9.337305503550985,1,0.8619539846615538,0.004177447067986058,0.032909501712340625,1,0.0022115601853931553,0.01849567575965281,1,5.899816693514786,9.288643428672623,1,0.5291763921307102,0.006837749819709122,0.03952304072826095,1,0.0056730885676678465,0.023899866367200602,1,5.309611519898376,9.425532352571995,1
19,0.0025,0.3604534844948316,0.0071565247188882354,0.037588568876543944,1,0.006584939280558981,0.029679199522963755,1,5.812979779245172,9.138398388580267,1,0.8326108702900967,0.005168321034358246,0.03546634526730172,1,0.004868871233926341,0.026876067284445096,1,5.855300722204291,8.987604336839954,1,0.12070690230076692,0.003200241626997209,0.018468937686008872,1,0.010170416932888064,0.035396128435087854,1,6.566147233756461,8.986699828642717,1
19,0.005,0.2954318106035345,0.010108950889133213,0.04049788726168468,1,0.0046839061058292246,0.030871711432984516,1,6.548220003828741,9.108947412391434,1,0.8459486495498499,0.005217272276977998,0.03363709228676071,1,0.0033569874715420394,0.019174126380463407,1,5.565535884915466,9.190493643674653,1,0.14338112704234746,0.008896167653875728,0.02887782866682291,1,0.0022294356578350287,0.007349744503986407,0,5.764520323011262,9.1019923679597,1
19,0.01,0.36645548516172055,0.007958007594825187,0.03666311091914052,1,0.004603362308614431,0.019417496642808285,1,5.093085323750373,9.236227740971792,1,0.8509503167722574,0.0041030070364334705,0.030717594310463996,1,0.0023693258067760113,0.018914532228662812,1,5.938875726928521,9.202686564221759,1,0.19706568856285428,0.005973679128275685,0.03180073823038086,1,0.007806294351496176,0.037458717065760185,1,6.461636733553017,9.4817524942016,1
19,0.02,0.401133711237079,0.009914953678869451,0.042504844862016715,1,0.0046629530292931435,0.024803547973261186,1,5.341930465350701,9.23422639999979,1,0.8532844281427142,0.004715925904460379,0.035260973144353024,1,0.004448166844834187,0.02450814299786985,1,5.482194389628792,9.186173400344918,1,0.32277425808602866,0.008655838967542335,0.039804829899477714,1,0.005209553075409778,0.015778440676053135,1,4.862382179361914,8.661247031478537,1
19,0.04,0.507835945315105,0.0044549032961304375,0.0305292682049474,1,0.008222282089282601,0.03408714869769262,1,5.425958335474448,9.353106210831731,1,0.8762920973657886,0.003635813096145425,0.031549285211370535,1,0.004787769912278145,0.028170172605114036,1,5.7985978490077805,8.920231188484507,1,0.4521507169056352,0.010625631939736906,0.04418683257179624,1,0.005645073536853611,0.032694167954581986,1,6.284781629727784,8.840248848554603,1
20,0.0025,0.35445148382794267,0.0051047453587339175,0.03297154496436156,1,0.006868276134121919,0.02749278277034055,1,5.640506396926622,9.285368865768632,1,0.8369456485495165,0.0037142515537937825,0.021908389650948143,1,0.005130040201554143,0.025166882167689295,1,6.013399260666298,9.339622701432546,1,0.14671557185728576,0.005827287011665348,0.036316591962940924,1,0.0058641743992443466,0.014825808242594241,1,5.059031150709378,8.607652171612084,1
20,0.005,0.3601200400133378,0.006995013755602185,0.04632628633191352,1,0.006126890473918963,0.028061765335479598,1,5.219261549911656,9.148498170895879,1,0.8212737579193065,0.005697358172871464,0.03309843223007613,1,0.003125541716790941,0.019057619656290097,1,5.776043005148274,9.318338377592012,1,0.14004668222740912,0.005589007787089453,0.02966619439677918,1,0.007453886848809684,0.03997235357324626,1,5.8344983354272175,9.597495474797087,1
20,0.01,0.3944648216072024,0.003572747135205754,0.032663442051762845,1,0.010334752607060163,0.03902451180352802,1,5.287036561496674,9.383834947766193,1,0.8692897632544181,0.003563776392470978,0.03126852635419147,1,0.004415130896292146,0.025220595560956963,1,5.878286250833038,8.845650814748488,1,0.20006668889629878,0.005938597892761605,0.03257312486757201,1,0.007066804082031462,0.030859629498700497,1,5.330027999696345,9.221568595876976,1
20,0.02,0.4231410470156719,0.004729648387528451,0.027692587709332944,1,0.005864927455029068,0.021606864999893765,1,5.170312848998888,9.17938937094659,1,0.8496165388462821,0.004818543494089138,0.03363989799198116,1,0.00329962869408003,0.018399535420107128,1,5.902394309937251,8.871408384789465,1,0.31843947982660886,0.0034506370705767136,0.029508324056639834,1,0.0083532956392636,0.029391067039737588,1,5.090679257191896,8.958550623223527,1
20,0.04,0.488162720906969,0.011833059598760848,0.04465368517868396,1,0.0025472417912479586,0.013395317559241062,1,6.197090038786785,9.020485812935531,1,0.8659553184394798,0.005285071328148912,0.03562761220557594,1,0.00430456495568653,0.023920386614402257,1,5.086904878814001,9.145768147262618,1,0.44814938312770924,0.011890963659878946,0.04466724800461867,1,0.003149603318831317,0.01878048263410865,1,6.057670316821104,9.25647628699217,1
21,0.0025,0.3451150383461154,0.004786239177671621,0.03187720977472629,1,0.010711960117969519,0.04063767906516028,1,6.7125653661456255,9.132096022150169,1,0.8269423141047015,0.00422813058559735,0.031025073652362352,1,0.005257103849266849,0.023192242369222054,1,5.431753547685919,9.239118038998953,1,0.12737579193064355,0.0025541240602215643,0.026867667956719875,1,0.009905017508236113,0.025344364491323376,1,5.609755421417835,9.051558300716907,1
21,0.005,0.35511837279093034,0.008950190000990765,0.04309245749545974,1,0.006370001160975391,0.030666122393267176,1,5.774961962387007,8.578852780312872,1,0.839946648882961,0.0037027583307335165,0.0283766120572236,1,0.006927564496748199,0.03551526817515422,1,6.130499345956376,9.046902036020384,1,0.13271090363454485,0.003997228695267155,0.027424691945996876,1,0.012621557909227555,0.039602602624720165,1,6.888303192363613,8.396621545975355,1
21,0.01,0.32710903634544847,0.009779258190827336,0.03895551009052207,1,0.003207909504260516,0.011061643859261002,1,5.77775660545328,9.36391733980422,1,0.8479493164388129,0.005246185260709254,0.03377020729943233,1,0.004125139801677332,0.020730017378753875,1,4.995802835647697,9.14322305307811,1,0.20406802267422475,0.004143825867894703,0.02874154812895172,1,0.009626266526112199,0.035234479785224586,1,5.3975282089818135,9.037233573765368,1
21,0.02,0.4321440480160053,0.0034616588199821077,0.024570167846359417,1,0.00808714090499715,0.02822205126029754,1,5.408840659209336,8.992193666606301,1,0.8422807602534178,0.003846925187582698,0.03307357203637922,1,0.003966378061709609,0.022044372324911212,1,5.8013930869139045,9.080873500853167,1,0.278759586528843,0.005679858741563096,0.025722451023769473,1,0.006998143492935073,0.030701621402346228,1,7.125155896884935,9.425910729410901,1
21,0.04,0.5035011670556853,0.006897955618479909,0.03256208698582994,1,0.005600586803239168,0.025055296149429196,1,5.8665167071919075,9.274699097151617,1,0.8496165388462821,0.00395611905367107,0.027617534877446906,1,0.0047947378072353015,0.026907397280113394,1,5.756675886768487,9.408398771574706,1,0.47215738579526506,0.008892528670242107,0.0412471845172046,1,0.004163951506643351,0.01895642189082755,1,5.7712293337029354,9.371950126356928,1
22,0.0025,0.34478159386462154,0.009152638101470606,0.045164732317769414,1,0.005343239854093902,0.024518560483140203,1,4.762481762219679,9.155462318618682,1,0.8486162054018006,0.005129377186092419,0.034613466032941555,1,0.0036225428886876424,0.02628017743936394,1,5.521275143542312,9.117398585266981,1,0.14304768256085362,0.01094952190567808,0.04800370863530623,1,0.001719519054684183,0.007411305139551322,0,6.14560550544519,8.871381643597216,1
22,0.01,0.3631210403467823,0.005783754450442941,0.033433856947029536,1,0.006527114718649477,0.02729958173735974,1,5.920072909432707,9.281411712005013,1,0.8426142047349117,0.004180643380236223,0.02640698568163018,1,0.004604294415640099,0.0245404461790868,1,5.921945618383588,9.344270827586659,1,0.17939313104368124,0.007504288948413197,0.0406200111144643,1,0.0034462495028742294,0.0111079859243688,1,5.414379313901014,9.108906940264236,1
22,0.005,0.31843947982660886,0.006800008649073546,0.04225150681069879,1,0.008055182876087695,0.03759390558859137,1,5.54852044645086,9.553606590386696,1,0.8419473157719239,0.005661683460579598,0.036769163236579236,1,0.004640743060053189,0.02750118502723653,1,5.227191134867511,9.49797577282246,1,0.1470490163387796,0.007121291608029706,0.03993410437927646,1,0.00993051509477077,0.04404783328047221,1,6.225412263822267,9.491496452387596,1
22,0.02,0.41747249083027677,0.003055738968433481,0.022983392045630643,1,0.010544529452500846,0.03942314545290085,1,5.274673474867575,9.36695133946677,1,0.8386128709569857,0.0038738921975246757,0.02958374143725807,1,0.004334764761569367,0.02232896581405284,1,5.893759659444608,9.457185914004347,1,0.2870956985661887,0.004655957435723007,0.028986893225867,1,0.00975384096673144,0.038476665017423965,1,5.871522094826154,9.367484973845023,1
23,0.0025,0.3711237079026342,0.004547929078142419,0.029398975360384542,1,0.009826314491403003,0.04159042507125338,1,5.99670598835909,8.614064368299273,1,0.8222740913637879,0.004678898456048078,0.02949241857493425,1,0.0042130370184382095,0.028993920324632046,1,6.724452129621573,8.60913054667636,1,0.13904634878292765,0.008253093652825047,0.04282623815721541,1,0.00837227020297951,0.04571650716350829,1,5.75250305505813,8.118965677120665,1
22,0.04,0.5768589529843281,0.005121789834282048,0.032969898561006065,1,0.007537155703288144,0.03548647216399221,1,4.885451036380953,9.235376408063903,1,0.8569523174391463,0.0036879348405806332,0.028649601911517067,1,0.005320144045286177,0.02975496098091077,1,5.411772269604097,9.295688050892783,1,0.4914971657219073,0.0035874968037102163,0.021392363947042515,1,0.008994203170646987,0.03381509452907043,1,5.38986257929764,9.480845451460086,1
23,0.005,0.3464488162720907,0.006965782171458205,0.03210159725122675,1,0.0058600516568193374,0.03352313436399497,1,6.052805943165698,9.406382083678885,1,0.8376125375125042,0.0045813276938273815,0.030555615547298957,1,0.004741125384072954,0.027883279148873993,1,5.831774562353954,9.008141953823323,1,0.1557185728576192,0.006473491921618639,0.025243706010075403,1,0.007958659681055233,0.04802644427173742,1,6.9644703939966774,8.354421318337756,1
23,0.01,0.39913304434811603,0.005043749701346474,0.031837337024896176,1,0.007468594800962494,0.02778887786061167,1,5.085154032106704,9.401211079119449,1,0.8349449816605535,0.00399892999410999,0.033361409540611404,1,0.006095802639072918,0.03200360686487741,1,5.586162105315608,9.265749572865655,1,0.20206735578526175,0.0018992923335646502,0.01895191309405402,1,0.009260060981572815,0.02529772342558882,1,4.936715495993821,8.999409529515557,1
23,0.02,0.4578192730910303,0.005263554321033521,0.025700863710046293,1,0.006329838396068968,0.0266858192091724,1,4.961081533078251,9.241735624151817,1,0.8422807602534178,0.004184000224029609,0.02689126220258654,1,0.004187466801195299,0.024241912689556586,1,6.178658160577022,8.795792962335774,1,0.30310103367789265,0.007847767766892668,0.03783736718341109,1,0.005330800560634219,0.026551644701425157,1,5.774917998622928,9.105230347522335,1
23,0.04,0.5775258419473158,0.003427517107366725,0.032025683854050774,1,0.00943068296453239,0.03239217963875211,1,5.237809071144453,8.931809839006668,1,0.8702900966988997,0.002948116111508872,0.028643216966785193,1,0.004682540297206577,0.02382528389752146,1,5.290037613797648,9.11229411073193,1,0.5175058352784262,0.006546851414523236,0.04217364022901405,1,0.008523909034502213,0.03314527210952937,1,5.5419853342979435,8.829976767226823,1
24,0.005,0.3527842614204735,0.006290430093512835,0.04163114958332366,1,0.006934258869174509,0.03412137664566872,1,5.372959207850617,9.549758840292013,1,0.8479493164388129,0.0038904471822322766,0.024562119721817387,1,0.0036696969567694545,0.021306103300737348,1,5.762091334612225,9.294187743772984,1,0.13404468156052018,0.004321956250697199,0.03592862671638337,1,0.008259710264406727,0.0323774678022421,1,4.9853639640779255,9.30100508028593,1
24,0.0025,0.33811270423474493,0.008274564075170302,0.04144368487900397,1,0.005362194370416757,0.019599128138901047,1,4.636773317999148,9.341672897007268,1,0.8462820940313438,0.004747314281580646,0.03645594863518301,1,0.005763148444778265,0.02561481840720365,1,5.283087108175252,9.266553737754943,1,0.11670556852284095,0.006475182425706382,0.03603633340373836,1,0.007788885606807506,0.03432085189886042,1,5.597875428744221,9.372852959754642,1
24,0.01,0.3947982660886962,0.004352165038431019,0.03127941445957847,1,0.007468670582328756,0.024478430059993058,1,5.2005216158467125,8.860944031533501,1,0.8592864288096032,0.0027276849100745255,0.026156013449160093,1,0.004323630952609764,0.01988010348277873,1,5.149332259278997,9.154876216951847,1,0.1940646882294098,0.005024703069624633,0.031218153328584165,1,0.006421350330850048,0.02853727334889501,1,5.033320105519223,9.036247588185082,1
24,0.04,0.5268422807602534,0.007324580828737734,0.043685311076923514,1,0.006795371628670223,0.031666368484598424,1,5.65080656123987,9.081068498002766,1,0.8559519839946649,0.0036568891353643855,0.02937083632762515,1,0.00394316922025206,0.02435027159872948,1,5.662417506265464,9.214892512280683,1,0.47849283094364786,0.008947288153850813,0.04501016955689464,1,0.007052259664534342,0.034664854030076915,1,5.775419680424078,8.89090530242922,1
24,0.02,0.4171390463487829,0.004666471000395446,0.03387811890172675,1,0.0082255273544763,0.0337188016164048,1,5.108169492145934,9.236565097979978,1,0.8336112037345782,0.004542133572600424,0.033894285728604714,1,0.005956663662386868,0.02942977717347253,1,5.4473393634671385,9.156038400342341,1,0.33377792597532513,0.0019187320052830564,0.01581222504878563,1,0.008932553098993537,0.03507532209462766,1,4.959241248385426,9.254431242424737,1
25,0.0025,0.30776925641880626,0.00916485772079927,0.036937775184330106,1,0.004533056694529171,0.028421985025783324,1,7.000210276010515,8.336451390797823,1,0.8412804268089363,0.004454901873497738,0.03388251381593943,1,0.00542983736043172,0.02307432720065709,1,5.668445690292881,9.056852712413288,1,0.13504501500500166,0.010293878894871069,0.04202175394115105,1,0.007266817398542456,0.04411811751161693,1,5.083902466602063,9.290195476992617,1
25,0.01,0.3567855951983995,0.006573476243982272,0.034130945201486,1,0.006537217331170485,0.03128270374672235,1,6.238220080173673,8.60715958712697,1,0.8496165388462821,0.0034417965700743007,0.02671366509193589,1,0.004027657741642109,0.024258215747422044,1,5.727805921725272,9.11926747694113,1,0.19673224408136045,0.008755034892065307,0.039614019528984544,1,0.006307026609540904,0.029338859954367587,1,5.699835785024516,8.970237138630864,1
25,0.005,0.3527842614204735,0.00603406645131503,0.03358258729324158,1,0.006457546336680593,0.03366816652291016,1,5.29304024277103,9.34201956153234,1,0.8389463154384795,0.0036780768104188568,0.02924868903245864,1,0.00615877532797934,0.034034268040301734,1,5.381744765600222,9.24927179699756,1,0.15105035011670556,0.007773836525932159,0.0401291777886036,1,0.005061743817650915,0.010358667584905997,1,4.2955472403822945,9.262235773548552,1
25,0.02,0.4521507169056352,0.0037525524239886,0.03651172019707346,1,0.010158361344094835,0.037526252479426744,1,5.670108533760187,9.09580774349995,1,0.8616205401800601,0.004278992058028816,0.034904549017444365,1,0.003800169486446182,0.021738744096671914,1,5.991869634712246,9.087056496539175,1,0.2677559186395465,0.006282948037336806,0.03939870117337527,1,0.006494778481069209,0.03443927950283506,1,6.763470112477599,8.915359243433754,1
25,0.04,0.5715238412804268,0.004625514345960384,0.03151338646706213,1,0.008643509870097772,0.03836678075603889,1,5.6058803110638005,9.124828539491967,1,0.8662887629209737,0.004786086611717518,0.03199359791036227,1,0.0045376280806146245,0.021097765692414946,1,5.223518724885022,9.08600989685624,1,0.5175058352784262,0.004294736056784027,0.028210773903979507,1,0.00906825243217917,0.03534232757766812,1,5.185436670072308,9.131072309204027,1
26,0.0025,0.33177725908636213,0.00917056446798566,0.04218965207960634,1,0.00325479236646587,0.014015079788054356,1,5.3757113043791644,9.086200730621842,1,0.8549516505501834,0.004937323999809304,0.030032097212745405,1,0.004343657690966012,0.024129498164574416,1,5.87239696308533,9.239075812194304,1,0.13237745915305102,0.007799509653805876,0.04799932772188832,1,0.00435926072771255,0.013491025237780547,1,3.9277949386961226,9.333020701863353,1
26,0.005,0.3347782594198066,0.007533731673146773,0.03770295616152223,1,0.00531661542075455,0.02363702596750273,1,5.653057256787893,9.129400908891112,1,0.8569523174391463,0.004796491780880716,0.03217343583921074,1,0.003371929363868077,0.020541157191383014,1,5.713067455896089,8.965014149682457,1,0.14038012670890296,0.01021426222424619,0.041516237015776995,1,0.005636642537250911,0.039019571511294954,1,6.398976908259923,8.00445564442688,1
26,0.01,0.40346782260753583,0.0027752107981645585,0.020918617759897052,1,0.009617570826668701,0.034290030409256156,1,6.109472040442664,9.232038099359094,1,0.8579526508836278,0.004675586827190081,0.03282119364428488,1,0.004157529900775254,0.020786645151982433,1,5.363346835263131,9.063615040116622,1,0.20740246748916305,0.0036859164473423294,0.025202028862824938,1,0.008489704284350336,0.035908343424889966,1,6.017181685472704,9.054562998931722,1
26,0.02,0.42480826942314104,0.005626608944336427,0.03130189163845541,1,0.0066668124756074825,0.02971894303547564,1,6.187743312272793,9.126271481115014,1,0.8579526508836278,0.0040060222222097165,0.03310354528470972,1,0.0032840762543533382,0.02101177595907705,1,5.571539849538605,9.214797771137043,1,0.26675558519506504,0.009363803940721454,0.04579313963928643,1,0.004324164569711217,0.019332067021807377,1,5.55838531342345,9.297524336919262,1
26,0.04,0.5208402800933645,0.00826769344626934,0.0412566137994353,1,0.00711409870864372,0.035261941508147945,1,5.886293406452816,9.293012096864759,1,0.8532844281427142,0.004832011431502444,0.03319353436853995,1,0.0052064433431615025,0.03155242502826342,1,5.587964609429689,9.245242411164435,1,0.4964988329443148,0.00793279167451611,0.04129414600010135,1,0.007082916422788129,0.035435156187915394,1,6.145697394580794,9.276903323500619,1
27,0.0025,0.38946315438479495,0.0031650521725870035,0.015255891586231477,1,0.008193313951853506,0.027627109533648504,1,5.647479801008758,9.33079670274301,1,0.8429476492164054,0.003871055432944296,0.026116314330412962,1,0.007158541009361414,0.037217167852254596,1,6.153865010567251,8.941627457328119,1,0.11737245748582861,0.00139689370027939,0.00677292482058364,1,0.011575462062973507,0.037873820927794816,1,5.875123358135415,9.204430579386077,1
27,0.005,0.3741247082360787,0.004701360730783636,0.03417327628765451,1,0.008001294975125315,0.027873947955834217,1,5.351646943464482,9.156771556249529,1,0.8512837612537513,0.0034070413655676326,0.028226985188568404,1,0.005744183019476422,0.02801364453537503,1,5.878508166857305,9.194736103377041,1,0.13371123707902635,0.0016402377429847726,0.0115627499772351,1,0.015723446307182982,0.042655163538237506,1,6.5087940202944194,8.62157823937616,1
27,0.01,0.35245081693897967,0.009193299674159706,0.042195610415561774,1,0.006664420928879513,0.036069318793394596,1,5.803473884436761,9.309078341330855,1,0.8342780926975658,0.005394633967472966,0.03574280489197674,1,0.005204931392466689,0.031019468048398124,1,5.828755209937081,9.22222839916106,1,0.20440146715571858,0.0062384044102270836,0.04253795857081949,1,0.009950422426870493,0.03362074831187701,1,5.828450259386677,9.3426477273741,1
27,0.02,0.43747915971990664,0.005504628401418078,0.021527859512548785,1,0.007255966824653142,0.02853244456852933,1,6.2101814488733345,8.591050310316609,1,0.8449483161053685,0.003676347432143862,0.026830262944063057,1,0.006034230443227012,0.03446875351771626,1,6.365625986175097,8.931094812319083,1,0.349783261087029,0.004152320761529001,0.0335980343475168,1,0.008499556657866784,0.033382049853489734,1,5.313567517143455,9.077691889405752,1
27,0.04,0.5348449483161054,0.009557687904270924,0.0406952690844981,1,0.0050231846123032576,0.019720980843800376,1,5.259893850571667,9.26387627780374,1,0.8626208736245415,0.005541374519001941,0.035690327295525626,1,0.003060188494487164,0.02403004996690908,1,5.072327884207224,9.12690812467326,1,0.5021673891297099,0.008257633735470634,0.04005250340313919,1,0.005939088163541047,0.02408641392894642,1,4.592860121572807,9.170127748536022,1
28,0.0025,0.3871290430143381,0.003845054138233313,0.02682383191060048,1,0.009283807683207829,0.04627688938300732,1,4.895925065174091,9.289623789281904,1,0.8442814271423807,0.0032458914103090345,0.025118815467721118,1,0.004897317255415702,0.0305899670338785,1,6.107742656070577,9.213184456996416,1,0.11670556852284095,0.0012461874998940573,0.009177021170169901,1,0.00915789518790507,0.02956379559993956,1,4.751715854096511,9.098745314898684,1
28,0.005,0.36812270756918974,0.0079993613086447,0.03783511499173435,1,0.0070151326337098184,0.030186563654975265,1,4.6330322610567345,9.225917119160913,1,0.8372790930310103,0.004898824342711487,0.0310998300680578,1,0.00397023082458617,0.02056591506793832,1,5.077611480201979,9.191243503051064,1,0.1460486828942981,0.002800460203145295,0.021405986432527994,1,0.009083137251559997,0.030753309142606072,1,5.5417901634126085,8.89483877759078,1
28,0.01,0.3591197065688563,0.011401083357539076,0.04467604189504024,1,0.0041435823159458075,0.016439504641292256,1,5.225279751961728,9.433302099583852,1,0.8502834278092698,0.005518918929030681,0.03680005963110974,1,0.0031791972445697255,0.023181164407810918,1,5.053962339290418,9.156850447951067,1,0.19606535511837278,0.01002995092792603,0.042952304895931354,1,0.003490676701279508,0.011964610315997447,1,5.218565555364392,9.196495993667707,1
28,0.02,0.4494831610536846,0.007419508693558466,0.04300190083927323,1,0.00651498867485549,0.03142142328044874,1,5.106555443203506,9.14226051506153,1,0.8572857619206402,0.004165795880555678,0.032121548250630044,1,0.004620425807723791,0.023183686092159025,1,5.350370442563757,9.078851386043501,1,0.3344448149383128,0.006402800070467743,0.03903815698871885,1,0.006482903825286776,0.01975485967115505,1,4.748164593361791,9.100625850948235,1
28,0.04,0.5565188396132044,0.005252039843874051,0.03156513534498519,1,0.0071759607301491,0.025819435761914075,1,5.071302339982254,8.957240484241721,1,0.8572857619206402,0.005081814838808652,0.03183381754646938,1,0.0038378385419506255,0.02542332117727594,1,5.7191150563264745,8.900610084683207,1,0.4871623874624875,0.0075124307844389145,0.03313034168304477,1,0.006294065107645735,0.03251197096768169,1,5.965272955791307,9.045910698994437,1
29,0.0025,0.2867622540846949,0.012944756606055109,0.04012731749344536,1,0.003193578486273209,0.036799719590799314,1,6.188482922047016,8.954457750602435,1,0.8346115371790597,0.005392108782605071,0.030315665815465787,1,0.0023459975736129153,0.01723809495668453,1,5.680198805327682,9.2379688980004,1,0.14138046015338446,0.012964041377695117,0.0393502471340545,0,0.0031414245027842447,0.012987584974215568,1,5.600876102117771,7.943278890621982,1
29,0.005,0.31010336778926306,0.010477233051099837,0.04472962411429657,1,0.004313423308720464,0.025317779006964438,1,6.565900064024374,8.726899343469597,1,0.837945981993998,0.0053796611681328245,0.037167119698339246,1,0.004945173899522786,0.028040053059821955,1,5.772299384370359,9.361649325225525,1,0.14738246082027343,0.004873574267846975,0.03053892239680076,1,0.00840994237967155,0.028589967675495872,1,5.103533175361266,8.974656829947516,1
29,0.01,0.39713237745915303,0.00589214910854785,0.03246078114199737,1,0.005970477805189061,0.026238417593074936,1,5.728703105628292,8.367321842460383,1,0.8436145381793931,0.004266214711722645,0.028593145081965775,1,0.004794663063409731,0.027752336949536178,1,5.930895181187943,8.88991667882078,1,0.18806268756252084,0.011003393836744476,0.041330919879800115,1,0.002563809883943099,0.009316899985557625,0,6.235418721774497,7.768811683920168,1
29,0.02,0.44414804934978325,0.0037224975091331852,0.02976084820547775,1,0.009893574787795267,0.03977148281792764,1,5.683896475549168,9.426737303818898,1,0.8396132044014671,0.0038308956623903418,0.033939699946996936,1,0.0030635508078333774,0.02152129846934926,1,6.263553299583148,9.013614259941253,1,0.3114371457152384,0.0035484144292396644,0.02788900724426128,1,0.009806607529682666,0.040434484332829576,1,5.698420541545485,9.260827215702404,1
29,0.04,0.5448482827609203,0.005084663971178434,0.036692389983139076,1,0.008555525517318188,0.04117215070084599,1,5.712359420355318,9.332123169604074,1,0.8566188729576526,0.0028184108213522383,0.024670674661357594,1,0.005567977264872466,0.02913957104501272,1,6.076350114133894,9.102425399115642,1,0.5245081693897966,0.004047403173152434,0.03370053394649409,1,0.008986840029800424,0.037444131240309354,1,5.305221942899553,9.2504210642063,1
30,0.0025,0.33644548182727574,0.00911647164239538,0.04765826267909365,1,0.004319306206376455,0.019000272948328643,1,5.459203678234447,9.447455296436312,1,0.8509503167722574,0.004089364147173411,0.026044039714178815,1,0.0035668699984960596,0.01911302609346227,1,5.423958106969467,9.348004810564248,1,0.1150383461153718,0.0007822501675584806,0.005765386737366207,1,0.010963079380981944,0.03663546371314419,1,6.043299457795201,9.526927256904486,1
30,0.005,0.3154384794931644,0.009111733580713367,0.043748101512877634,1,0.003916377066424581,0.019429342432716774,1,6.137101177991865,8.94277085681902,1,0.8479493164388129,0.00574427639407493,0.034796560725166834,1,0.0020307637975209374,0.016626211865690764,1,6.058512010880582,8.694089991088882,1,0.13804601533844615,0.010429491343172325,0.04184558092517628,0,0.0030908295348200444,0.008337332891098401,0,5.1096221534184645,8.876960470282075,1
30,0.01,0.371457152384128,0.0037585684121290283,0.023519584435426368,1,0.008589555669979177,0.036725113115853913,1,5.61957003939551,9.268514729067416,1,0.8449483161053685,0.0029318397188496394,0.02508994725626376,1,0.005037551082753709,0.02697231645353733,1,6.102715476844264,8.862825871808635,1,0.20140046682227408,0.0033628633379879044,0.024992199116893887,1,0.01090698144237353,0.04096747007645352,1,6.879841400218971,9.051348055613532,1
30,0.02,0.4094698232744248,0.006627694129232461,0.03649257032131534,1,0.005648051301594098,0.02438824953232378,1,6.3904938909598785,8.342926917410914,1,0.8509503167722574,0.003149879462861476,0.02530070661627586,1,0.0032746320251921352,0.02422511679815372,1,6.328852127245633,9.085317597848054,1,0.31910636878959653,0.0023106499025838906,0.0166345319114225,1,0.008722508715037975,0.024188442485921374,1,5.647536294983494,9.065624922966798,1
30,0.04,0.565188396132044,0.004621206678148975,0.028945507925907814,1,0.007230398647905428,0.022798105218733166,1,4.918151506853528,9.10587001290724,1,0.8662887629209737,0.003805450131945716,0.028171008572548752,1,0.0037575758547181634,0.02012682528171011,1,5.329615513865209,9.283059186568739,1,0.5011670556852285,0.003899113439840385,0.02692301361926379,1,0.008774381624225357,0.032203356196888536,1,5.489008254077271,9.108222205905022,1
31,0.0025,0.37912637545848615,0.003419017780599482,0.02917672459891433,1,0.009498868383052606,0.034719528713177635,1,5.214248779589158,9.401990736917982,1,0.8396132044014671,0.0045083692779371385,0.03366660020406038,1,0.005906049904442134,0.03367207889827724,1,5.733299234545093,9.402251398435833,1,0.13071023674558185,0.003987250665684859,0.027712244529834857,1,0.008969307418130235,0.03135233782217338,1,5.899320031013424,8.69568700751754,1
31,0.005,0.33377792597532513,0.005628183475235716,0.03692769809323077,1,0.005863141494119535,0.028250471683421343,1,6.1826169537377265,8.878148201294067,1,0.8572857619206402,0.003665183697227647,0.031617533784002075,1,0.0029710971107281773,0.020148874040740696,1,6.114596371133652,8.844724348415678,1,0.14004668222740912,0.008877416896984743,0.043324352762332374,1,0.005544197569177962,0.024024338686521627,1,7.046987051993807,8.540653660661892,1
31,0.01,0.3751250416805602,0.005698179251320262,0.03230403983511982,1,0.005473903567178294,0.0209685217877282,1,5.525982531359662,9.348730631034792,1,0.8522840946982327,0.004032038296727286,0.028171008390191973,1,0.003757873588053426,0.020549598399593687,1,5.3897402929121,9.286711164719316,1,0.21307102367455819,0.004299916034795357,0.021195580709726037,1,0.007860186278232203,0.02416763128591353,1,5.950803224753963,8.797624256072389,1
31,0.02,0.4104701567189063,0.006842667081867183,0.03203165201840172,1,0.005764404346662036,0.024573862049201558,1,5.869184176089215,9.178181004893506,1,0.8549516505501834,0.004407375264177922,0.032198620521541106,1,0.0030815831946869447,0.017763622678130087,1,5.825410141542741,9.052224280150693,1,0.2997665888629543,0.005421391885013932,0.031321113422110324,1,0.009021963911163814,0.03969601986108986,1,6.270133251741185,9.13217825646693,1
31,0.04,0.5305101700566855,0.006289087839962395,0.038879407603640975,1,0.007408805369735324,0.03891543362913481,1,6.004488035654688,8.939922517503206,1,0.8622874291430477,0.004697105779075853,0.03475466501779857,1,0.0033026533182588603,0.02882937361046803,1,5.942588341427199,8.958964705330299,1,0.5191730576858953,0.004657413992016515,0.03265089967646305,1,0.009613268667235737,0.03734861038901713,1,5.94554696700225,9.069702890902088,1
32,0.0025,0.351783927975992,0.008639988092478361,0.03720213396307017,1,0.005103851347637434,0.022849772185979552,1,5.40357225444198,9.284551950174617,1,0.8216072024008003,0.005017417762737803,0.029584835351911327,1,0.005543550892470888,0.0297751669564893,1,6.142690728628544,9.012108334563154,1,0.1237079026342114,0.009373204056943462,0.034554593524629376,1,0.004144083847901542,0.01496258772970424,1,6.683399788141461,6.7641832782240625,1
32,0.005,0.3507835945315105,0.007260588287115553,0.031933630764407576,1,0.008120625570117937,0.039710125379700374,1,6.181264958703643,9.088000062953384,1,0.8079359786595531,0.00575793327341527,0.037749585141778196,1,0.005358721613232411,0.028259337059574615,1,6.198171822980698,9.136455061258053,1,0.1427142380793598,0.00731524681397342,0.039553714102597747,1,0.006344282179063324,0.020871773378793312,1,6.322464832187892,8.416024672717743,1
32,0.01,0.3634544848282761,0.005442107161243812,0.0351552265671648,1,0.0073480222851404564,0.0366170771424732,1,6.104482503088449,9.219650925195337,1,0.8409469823274425,0.005152015346775016,0.03432470168588204,1,0.003867631530985852,0.02861421016299,1,6.077799438129899,9.030298032463635,1,0.19239746582194064,0.006344564266383552,0.03016178352780385,1,0.008495855959333793,0.03372999852942794,1,6.595080698924068,7.438782068172117,1
32,0.02,0.38312770923641215,0.007869707868734388,0.03264709380639093,1,0.005271558189394925,0.026842281592477747,1,6.543025753535318,8.98520483884702,1,0.8329443147715905,0.0057657551523395195,0.03687708599687249,1,0.0025668089817575544,0.018480518292882043,1,6.142892253922331,9.102047153805099,1,0.34078026008669554,0.006070545924373359,0.04076328789738838,1,0.007554729523502551,0.026554159268872425,1,5.39932135913861,9.227685847851356,1
32,0.04,0.6025341780593532,0.005204934439931098,0.0329751540319832,1,0.008277185577052745,0.033488285372056156,1,5.145324900352481,9.279376598109291,1,0.8622874291430477,0.005251678043301803,0.03835075431748623,1,0.003083088869110874,0.02254385734655265,1,5.763117174915844,9.079405796789318,1,0.5051683894631543,0.00950352313194769,0.03984003877796428,1,0.005835636817488631,0.03261128838199204,1,5.912515392085493,9.0873450465307,1
33,0.0025,0.377459153051017,0.004722903818763353,0.035196200569312434,1,0.01003894822017627,0.04008584704556186,1,4.6771190351730665,9.08380760028551,1,0.8219406468822941,0.006147875177712508,0.03211147203689065,1,0.00430545806347858,0.023615443529814126,1,5.626456682424821,9.15992013462875,1,0.12204068022674225,0.011834664356274128,0.044637622362305694,1,0.004664584075392806,0.0186519496449437,1,5.936265973827223,8.70281619947988,1
33,0.005,0.3914638212737579,0.004924966537245264,0.022703836520777874,1,0.009395268929809564,0.035433003979351105,1,5.930812089811914,9.263594078977569,1,0.8322774258086029,0.004899096176715835,0.03201190008559464,1,0.00395353390798925,0.027645863416200383,1,6.173186651748961,8.990977092607647,1,0.12870956985661888,0.001672995843660294,0.012509722003165474,1,0.01766372315062536,0.04345861060191976,1,6.561026232715738,8.447250496667277,1
33,0.01,0.38112704234744915,0.0085170959994605,0.03949031990470145,1,0.006226545383359934,0.02727746307741079,1,5.762399672740818,9.209772996876405,1,0.8352784261420474,0.005432305742872506,0.03782499780044526,1,0.004553100854528723,0.02789629278286854,1,6.027014863383725,9.069702885339593,1,0.17972657552517507,0.014854509448312812,0.040727657402297064,1,0.0005954959349173097,0.007652274821913986,0,7.19702072538884,5.625053830423396,1
33,0.02,0.4601533844614872,0.0037588788185521044,0.02927807875556342,1,0.011730876467088537,0.038972835245890805,1,5.464846384894094,9.14463113171585,1,0.8309436478826275,0.004743373758230293,0.03294442144652626,1,0.006168141068813863,0.03232443281265049,1,5.955766406398038,9.090649555886586,1,0.32510836945648547,0.004230028125990566,0.032717392662732506,1,0.011755680865842279,0.03845675935566712,1,5.278336374079298,8.972628639601137,1
33,0.04,0.5805268422807602,0.008256348106833183,0.03812702986209922,1,0.008561833228042772,0.034801052514653444,1,5.303089034463732,9.319549596650502,1,0.8189396465488497,0.006659071858407479,0.03782297215776434,1,0.004426130664790998,0.02755958524435838,1,5.9835757881478395,9.146477833151572,1,0.5141713904634878,0.009277379930281276,0.03930790478601139,1,0.007806373156932741,0.03810829934672707,1,5.849280442241439,9.237629044798629,1
34,0.0025,0.33644548182727574,0.007582945585997835,0.04392636333402429,1,0.009038567883272279,0.04188832004955585,1,5.50077569682532,9.11747844887101,1,0.8316105368456153,0.004269993496808674,0.02950905232427365,1,0.005630911522461522,0.03166860405279567,1,5.8050123165347065,9.197370992889558,1,0.11270423474491498,0.004202880821381924,0.029517473147643174,1,0.010415603976699732,0.03600833701793823,1,4.996681040708157,8.944428058425132,1
34,0.005,0.35745248416138714,0.007741106093915629,0.0337794771176413,1,0.006628863894654642,0.027066788348530574,1,5.965459494278267,8.957850085929175,1,0.8259419806602201,0.005237190951770517,0.0324681479067344,1,0.0065644763625342965,0.032862989282842064,1,5.8441567712471585,9.286141462361343,1,0.1480493497832611,0.008087682251324975,0.03817228843128211,1,0.006372038103016198,0.011774851722932142,1,3.46058222149625,8.814046521228423,1
34,0.01,0.40780260086695563,0.006173120923068427,0.031408074727528164,1,0.009266196709570294,0.037350473068658456,1,5.082488752676954,9.15637438408276,1,0.7992664221407135,0.007018756095198708,0.039693512389707516,1,0.004872767224904611,0.028368973137726898,1,6.02136930529655,9.179770861610177,1,0.21273757919306435,0.011060743038062544,0.036964888015779365,1,0.006753963256258329,0.02372277913526244,1,5.145840041355578,8.92101523670142,1
34,0.02,0.40880293431143716,0.008717016190003242,0.03507231386124541,1,0.005959805019750994,0.030115480210126336,1,6.1182877647851726,9.272960675785038,1,0.8376125375125042,0.005936310912274651,0.037435887947368116,1,0.004615069049016234,0.027309839824122092,1,5.820460043549217,9.22855807838745,1,0.2917639213071024,0.010930387702706582,0.04135037257623179,1,0.003204954994636572,0.012926110371592062,1,6.033926660803419,9.195661517386734,1
34,0.04,0.5681893964654885,0.008824443237921186,0.044075939039489934,1,0.00855853389158537,0.03604333853508022,1,5.58097731306383,9.20486197452937,1,0.8549516505501834,0.004859759523004413,0.03085186087078588,1,0.004974880191339993,0.027688641555411952,1,6.0724604177119605,8.928603254927975,1,0.5358452817605869,0.00708606220718208,0.03833437664095288,1,0.008495576772674767,0.035015388804677944,1,5.549523269660392,9.235063276846414,1
35,0.0025,0.35111703901300434,0.004823580435842475,0.02249368690106449,1,0.010038687793576034,0.03733698846859495,1,5.769663683583809,9.064025989271688,1,0.8219406468822941,0.005346248682136289,0.03736797228693619,1,0.006722915444929424,0.03154904307196291,1,6.032099356164079,9.093127885492287,1,0.10903634544848283,0.003538499913003132,0.022018297460688188,1,0.013547645435722705,0.044280260990237685,1,5.625838603063219,9.073349744634283,1
35,0.005,0.3757919306435478,0.005839495119257585,0.03151733825267953,1,0.008617776521035963,0.03514291630195924,1,5.948039070148431,8.90678886574678,1,0.8266088696232078,0.006093917728755193,0.034737836070811136,1,0.004010434526021924,0.02575887092571075,1,6.186098561299997,8.999900568390649,1,0.12737579193064355,0.015485605730413797,0.046458807066559214,1,0.00469215452545691,0.04310288693949688,1,7.032525112961067,5.916177442875458,1
35,0.01,0.3954651550516839,0.006887373405455627,0.036340040330881986,1,0.008449037899852145,0.028385618307412184,1,5.577559286537476,9.138615202464495,1,0.8276092030676893,0.004970058940575891,0.0313669411223269,1,0.005595842552887824,0.029634902491249608,1,6.253428395673258,8.782132290514669,1,0.20906968989663222,0.006417060446646769,0.04286254029923277,1,0.010974331671742037,0.03768133221302334,1,5.403000204015249,8.179882039905232,1
35,0.02,0.43981327109036344,0.008582557566203965,0.03603248006387733,1,0.007393563638421777,0.029080953120660544,1,5.954686064997687,9.051979450356919,1,0.8066022007335779,0.0056937393692524305,0.0329073279493577,1,0.007122914071243732,0.030451127775333355,1,5.837011778935604,9.218886077948444,1,0.32710903634544847,0.006338518861941982,0.030198471457156272,1,0.009236987730716425,0.029833989490345752,1,6.492670243855975,8.822522024413823,1
35,0.04,0.5935311770590197,0.006961469778672411,0.037019416723034486,1,0.009114385068663416,0.034837496221151516,1,4.845875368585769,9.134740725351092,1,0.8136045348449483,0.005187470433808375,0.037242356386784636,1,0.007740996384590031,0.029269062633020405,1,5.34999791606089,9.107279073832276,1,0.5411803934644882,0.005575866089347182,0.031839122327678576,1,0.00979660329887263,0.03628323070733122,1,5.200054777252198,9.109546546412705,1
36,0.0025,0.3914638212737579,0.003095910355542919,0.029929297972113744,1,0.009941970149238222,0.029637113911813888,1,4.749385574828912,9.084189324414478,1,0.8052684228076026,0.004787421327687762,0.03228916774867453,1,0.00666973314542166,0.02998767776122635,1,5.478044257274506,9.20041268508394,1,0.1247082360786929,0.0028304762694008894,0.025373560265936457,1,0.00833798926815994,0.01406761373337873,1,3.124361493988151,7.909786622677077,1
36,0.005,0.37079026342114035,0.005625843775788333,0.03145775243392838,1,0.009056556104048387,0.03871651093799856,1,5.416501892545141,8.949261290689503,1,0.8249416472157386,0.005301417786999574,0.03843874190025956,1,0.007174156219803611,0.03160600960554116,1,5.812401113909238,8.920375754920126,1,0.14138046015338446,0.004373413652988083,0.02793731317208813,1,0.012304350027156326,0.03588625780287609,1,5.85861910739821,8.769663643168847,1
36,0.01,0.42814271423807937,0.003973447527896411,0.03554980827142528,1,0.00905072639765539,0.028970780611781904,1,3.770798052134008,8.84647666975302,1,0.7992664221407135,0.005039906179310313,0.03786768248234925,1,0.007551555368869532,0.027584185907663344,1,5.3191962822644,9.141636453528395,1,0.21307102367455819,0.006162894196604427,0.04308756296639161,1,0.00854978009410825,0.032140415742125984,1,4.893353415788033,9.04147504647643,1
36,0.02,0.4648216072024008,0.005313784182378315,0.029102665507112626,1,0.009609619867262073,0.035259339710549994,1,5.22075851420368,9.132532951596207,1,0.8232744248082694,0.004969675217703591,0.03214743240771596,1,0.006087248784245668,0.02746653097482633,1,5.668502077965232,9.098887404826824,1,0.3504501500500167,0.004400000283469804,0.03551476696319817,1,0.010030327489441179,0.028202380713036757,1,4.646540064064617,9.054550540123307,1
36,0.04,0.5701900633544514,0.0048168824237796995,0.03156234657264914,1,0.011518591801304975,0.0389469702424403,1,5.071402229076906,9.321684681653165,1,0.8409469823274425,0.005596491060042846,0.03506897362490842,1,0.005396213061556577,0.032509352237346655,1,5.884663065368362,9.29317933879894,1,0.5145048349449817,0.00992179879249171,0.04382059844513678,1,0.007239219037132919,0.029824900083554685,1,5.241123043767521,9.238291259391378,1
37,0.0025,0.32344114704901633,0.008739587309703443,0.038726797857916134,1,0.006881545771253633,0.030750265404439852,1,5.852822825892772,9.125093620945716,1,0.8089363121040347,0.005493967356407378,0.032832455851807184,1,0.005644909310939652,0.03117852449900366,1,5.941962485774166,9.164413481604935,1,0.1097032344114705,0.004668636209199831,0.031586482202560884,1,0.01333363705681704,0.03499798795152411,1,6.193322352587127,9.009420618594673,1
37,0.005,0.32710903634544847,0.010342889346003041,0.044039860704898744,1,0.006688094701238521,0.030531597775969477,1,5.904277290402344,8.826630158612875,1,0.8149383127709237,0.004552683612491528,0.031226235643278744,1,0.006257618920732293,0.029300982023881997,1,5.903980438667184,9.088999967848107,1,0.13871290430143382,0.010567732007946294,0.04257065258948404,1,0.006295299751908463,0.025727040986307414,1,5.5667518351876275,8.73209245627707,1
37,0.01,0.42180726908969657,0.004468171712639967,0.03249264080825482,1,0.01024757192006853,0.03342529153771488,1,4.881522151028835,9.012193205676832,1,0.8139379793264422,0.005431440016127715,0.03392410866363775,1,0.006719418463654687,0.03089142543199848,1,6.0768061747654984,9.193287454567301,1,0.1887295765255085,0.010833455879162842,0.04291437220348554,1,0.005753110230018067,0.03004062274539219,1,5.540581021004901,8.993421306439815,1
37,0.02,0.41313771257085696,0.0077581865202126,0.044377808717242846,1,0.009456975164338377,0.03564946031513887,1,5.457504141648269,8.8503916649808,1,0.8109369789929977,0.006443558052871377,0.03563954407699371,1,0.004487102962631181,0.028120049712949534,1,5.863971123250028,8.978687953246366,1,0.3451150383461154,0.005251117974271727,0.02950773601601538,1,0.008543734706290418,0.026662837624259493,1,5.081791311334182,8.753249461781957,1
37,0.04,0.49083027675891966,0.010142395027106982,0.04083097739184586,1,0.006912549463546961,0.03349099236889878,1,6.270762139547337,9.349281210027726,1,0.8182727575858619,0.006072719413156687,0.03380969739337098,1,0.0030289155144979808,0.021855306240432894,1,5.836424118513618,8.996478551255558,1,0.47182394131377126,0.00866738722511011,0.04034385194155652,1,0.0072102086134283976,0.030026980085954145,1,5.896797730761295,9.224096633182485,1
38,0.0025,0.36812270756918974,0.009400833105184922,0.04120607153448594,1,0.0068163731042641075,0.037581262072945196,1,5.821684067114444,9.128235093416679,1,0.8176058686228743,0.006414583855245951,0.03862467156129878,1,0.004263720381974394,0.025003285051072677,1,6.138350964712623,8.982815253766793,1,0.1203734578192731,0.0016294969407691848,0.012271480774912077,1,0.013434393571030255,0.03857077804342082,1,5.708581107823677,9.112905849534004,1
38,0.005,0.38579526508836276,0.0035094391232304,0.029437027111190974,1,0.011030653013572337,0.033581952122631986,1,5.3103666040869095,9.332768908415716,1,0.8232744248082694,0.004439881530773814,0.03389068711375974,1,0.005452829903937477,0.02978138565628188,1,6.090242981538564,8.670584119850274,1,0.14938312770923642,0.0030698514334760226,0.012233800955473734,1,0.008935201916913368,0.026594453039878438,1,5.494299946592203,9.500985216286441,1
38,0.01,0.3157719239746582,0.010340084457573324,0.03252993675732365,1,0.0034365187032627774,0.030532434540855278,1,6.989446728122704,8.987937254433852,1,0.8179393131043681,0.005754730199850924,0.0325374767691599,1,0.002948053551723827,0.021123171334317754,1,5.962029945983886,8.778677100638093,1,0.19139713237745914,0.008827527392281511,0.041957564864705484,1,0.010102150893699275,0.043387254570752286,1,5.914933483659483,9.028911446334684,1
38,0.02,0.4094698232744248,0.009882643630272593,0.03580915818842256,1,0.004199749783808509,0.020579993233346163,1,6.577614126087699,9.104494578808888,1,0.8292764254751583,0.00670924769460777,0.03934236466447561,1,0.0032174404211022527,0.021092644143470524,1,6.192796352577794,9.198350220002308,1,0.30776925641880626,0.010190875324162954,0.044406806079911966,1,0.005123950573770142,0.02740729634264321,1,5.8935955827265065,8.619823617289573,1
38,0.04,0.5618539513171057,0.00933060722566179,0.04174169186863821,1,0.007223420447171974,0.029730848309693643,1,5.639771987586803,8.946662179142386,1,0.8299433144381461,0.006375163266037527,0.03712140756420716,1,0.005103732927193833,0.025671791729240022,1,5.385535780108131,9.27921048375881,1,0.48682894298099366,0.011533797042840162,0.04266562185548191,1,0.005154004735634419,0.02349147414065514,1,5.623351246893262,8.99679603465332,1
39,0.0025,0.2870956985661887,0.011521305819591224,0.045245790417425165,1,0.0031919845407361418,0.02030905890040389,1,6.123246084675612,9.15721586255417,1,0.8232744248082694,0.006044028106862366,0.035518918663153945,1,0.0037187650237695113,0.02220390638933688,1,6.111251961018266,9.081560802302224,1,0.12404134711570523,0.01633379184736254,0.03735354317340569,0,8.095200194549347e-05,0.00048234103591501105,0,7.204122485380309,5.374652524021354,1
39,0.005,0.3824608202734245,0.008043715957629722,0.03765049686258678,1,0.007203397516948209,0.03294881284016509,1,5.314461943547838,9.313638460061428,1,0.8002667555851951,0.00510673955873324,0.030813044596596274,1,0.006672836469418214,0.033619480471485656,1,6.188890034966553,9.11786468417759,1,0.1427142380793598,0.003612322276444324,0.03152573932169765,1,0.009376752283061989,0.02250158116755503,1,4.277187442305647,8.54848271310615,1
39,0.01,0.3827942647549183,0.007415902233432918,0.03955693024594493,1,0.008960347992852198,0.03444871119107923,1,5.5334822754534825,9.146400854438227,1,0.816272090696899,0.006516767159049796,0.03770560358005948,1,0.0050365548912630585,0.026838894571913442,1,5.788729637894675,9.018214137153272,1,0.1983994664888296,0.009149414058261338,0.04180380392440002,1,0.004724962857701289,0.01391007285954397,1,5.080773636241327,9.388579981029167,1
39,0.02,0.4478159386462154,0.006926711651205756,0.033535640434206544,1,0.008184000159173416,0.036884152974525616,1,5.843745576477184,8.962314344164138,1,0.8156052017339113,0.005753241235245108,0.03639417816431132,1,0.0063776378994225445,0.03629744673091207,1,5.707034524813731,9.245892131347698,1,0.326108702900967,0.008368874673223132,0.03629726083623489,1,0.00849869886456862,0.04246217869079169,1,5.734825567047983,8.987178801434958,1
39,0.04,0.5818606202067356,0.003932271804387068,0.027153648419623512,1,0.011094715117373243,0.04019940408015654,1,5.26098635191572,9.127801703754555,1,0.8192730910303434,0.004709676372369634,0.03230943669123599,1,0.006654959704866505,0.03264287663905067,1,5.656732255658429,9.045673991245112,1,0.4968322774258086,0.004809658070968248,0.027543508533943155,1,0.011392109159999135,0.041892161322247636,1,5.5852465395943005,9.044833997284972,1
40,0.0025,0.32510836945648547,0.009086120117429939,0.039338547713272054,1,0.0061373453514475575,0.03410297573093208,1,6.282530184549576,9.16199317402535,1,0.8166055351783928,0.004036606900825132,0.029323830953164584,1,0.006292630905093256,0.029704453082670557,1,6.239706455803993,9.223461744628853,1,0.10903634544848283,0.008838792696389498,0.03624103868385612,1,0.009221375005204884,0.046692366948474985,1,7.595677163401129,6.306162769661777,1
40,0.005,0.3777925975325108,0.007445701930930087,0.043928705852229605,1,0.00835872724107619,0.03762104800415211,1,5.85285665628647,9.25966525594847,1,0.8219406468822941,0.006369225911002869,0.03903760039120889,1,0.0051831046129253554,0.03158822248018524,1,6.376732576441718,8.283357465457957,1,0.13671223741247082,0.00534544614357746,0.023863422464585112,1,0.006791954058118551,0.027714887079166188,1,6.474221720375905,8.469171174579799,1
40,0.01,0.4251417139046349,0.005622381682200599,0.03214853109918072,1,0.010107195806100802,0.04021871300175666,1,5.194568841830369,9.086716771997272,1,0.8136045348449483,0.004097527675133267,0.02848410502751602,1,0.006600439204508771,0.03421289483846192,1,5.886811762225012,8.990861962937464,1,0.18806268756252084,0.008767309658454426,0.03478697097872884,1,0.006878368914556864,0.034384015507922326,1,6.444697054215135,7.213813661792365,1
40,0.02,0.41113704568189396,0.006515676355447212,0.03269081990092012,1,0.008474794652277998,0.03730577859679681,1,5.947771343368004,9.024730568170206,1,0.8329443147715905,0.005566628154427005,0.03311184408553235,1,0.0046365131505717045,0.025405045366329967,1,6.014493087679991,9.21604803762151,1,0.3131043681227076,0.006012452846839716,0.037891876737239524,1,0.008160085018664382,0.02982352387157964,1,5.471559529290708,8.968450319636686,1
40,0.04,0.545515171723908,0.007193150235629815,0.04094035229725529,1,0.00929815985783468,0.0382203638819801,1,5.713903828465743,8.510264477300291,1,0.8352784261420474,0.004504536987191021,0.032816322503966856,1,0.004563686173985738,0.028349026136297334,1,6.18268395742879,8.849033047674512,1,0.5145048349449817,0.006210518014634646,0.04274228208761709,1,0.010389424680329079,0.039931852240614796,1,6.138794629972983,8.633219009706957,1
41,0.0025,0.3847949316438813,0.00739648845962952,0.03786098762416123,1,0.008084429206275006,0.03365253148469761,1,5.167050347917612,9.113955711190716,1,0.8169389796598866,0.004530541411332329,0.030258609090880854,1,0.00842631118230812,0.034828609418774935,1,5.99668014707902,8.998796063417817,1,0.1310436812270757,0.010350512960078946,0.03823550157838437,1,0.005615966596022659,0.01885418426769378,1,5.91207911372678,9.138541025253863,1
41,0.005,0.36612204068022675,0.006779181062355122,0.03470168608331608,1,0.007048868660845681,0.02217718145937396,1,4.436650956648426,9.403827916460525,1,0.8029343114371457,0.005955465009255846,0.037565966332422436,1,0.005453658391415971,0.026169038748755015,1,5.570840084733673,9.156986860704114,1,0.1427142380793598,0.016508609016066607,0.047718450017305465,1,0.0017920736211973454,0.012759452555980252,1,6.644698618348112,7.119032947744154,1
41,0.01,0.37479159719906635,0.005877476855813235,0.033545883236282416,1,0.01007505868248253,0.037431235187021725,1,5.542607251700328,8.917940147761708,1,0.8209403134378126,0.0046236643726261855,0.0331423332036753,1,0.005057057082966878,0.029275819181347428,1,6.431758463952665,8.649315677825216,1,0.2047349116372124,0.004723008522935818,0.03131276956154499,1,0.01066717196930977,0.03275004739825768,1,5.325778899219223,9.18849512782313,1
41,0.02,0.4514838279426476,0.0028385966671679672,0.017404171932223766,1,0.012655741972171647,0.04335235985693132,1,5.270250681043002,9.205141915536379,1,0.8219406468822941,0.005065344429602458,0.0309642932848646,1,0.0050158720767762175,0.03167881145899616,1,6.298117455787288,9.06632446278376,1,0.32544181393797933,0.0037822691911976744,0.030962357393757956,1,0.012830843925311898,0.03732806442152087,1,5.608944868622428,9.166527718236653,1
41,0.04,0.5901967322440813,0.007097562527978729,0.0375825822357292,1,0.008574636775860829,0.0334500589495435,1,5.315533416167065,9.07718276854933,1,0.8356118706235411,0.005624181079398535,0.03428994099252764,1,0.00368720035011333,0.02719000367101555,1,6.085541081857446,9.045755301730859,1,0.5265088362787596,0.006360612908401103,0.03514801214133154,1,0.008695391670693971,0.031986970215856315,1,5.272048139339104,9.284071079615389,1
42,0.0025,0.39813271090363456,0.00541445769902737,0.032984006376331046,1,0.00991383096906759,0.032304726138445775,1,6.110389813527232,9.123884869977035,1,0.8332777592530843,0.0049597371395906755,0.031051248606640575,1,0.0038402420426471833,0.026759889788721597,1,6.19801348363888,8.973567844328459,1,0.13871290430143382,0.009406896924479494,0.040771682943383035,1,0.0055190250290063836,0.02170976897038144,1,5.561648764739493,8.995727979424313,1
42,0.005,0.33744581527175727,0.014742699321967343,0.045636466922889175,1,0.00429982059232495,0.025200399738104118,1,6.00509480865264,9.103511594844708,1,0.8189396465488497,0.00710931751415775,0.04321591791669725,1,0.0059183967842695966,0.02991300494138399,1,5.910064799962803,9.218252030355789,1,0.14304768256085362,0.010660287813730705,0.043573322614281915,1,0.002250314585172341,0.010849535294996325,1,6.751535347969657,8.25376248915429,1
42,0.01,0.40546848949649883,0.006826012700098069,0.03349561501556019,1,0.007398973332112025,0.03343055291079286,1,5.4402217855869655,9.225918044697835,1,0.8246082027342447,0.005170827382578416,0.033445063305906964,1,0.0035214669689700396,0.024364840271611912,1,6.1676394860420025,9.07911700460846,1,0.1950650216738913,0.010241264210275883,0.03722465467337927,1,0.004340625304072507,0.032823046318697154,1,6.215656231077271,8.75032299134902,1
42,0.02,0.43747915971990664,0.005226157502699731,0.034975416557099584,1,0.01037142885249796,0.03338791621130063,1,5.569059297721385,9.200595774649186,1,0.8186062020673558,0.006150876401299498,0.034747750806104094,1,0.005632547247082268,0.02945160929137743,1,6.285619845895803,8.693888125103175,1,0.35545181727242414,0.004122045719417727,0.027638889937081624,1,0.011292897815390186,0.03781792599237384,1,5.4866974973029174,8.724125039674545,1
42,0.04,0.5728576192064021,0.005610217578653994,0.03384802482815217,1,0.009792354940410579,0.03622465549954002,1,5.038760198232889,9.295339114586975,1,0.8486162054018006,0.005270938166446946,0.03441477837219723,1,0.006856502882466465,0.02920033930887482,1,5.399541815175772,9.381949395738149,1,0.5311770590196733,0.004595702212541916,0.02892740294966502,1,0.011418555768939282,0.03999678113483494,1,5.255572307700735,9.307220365533775,1
43,0.0025,0.3764588196065355,0.0054933607484001,0.03777885041072325,1,0.0093616968036355,0.04099395933706557,1,5.566116441069259,9.40004685778548,1,0.7992664221407135,0.004378230994376906,0.029701723585580295,1,0.008821888800641046,0.039464605511582096,1,6.149775560701671,9.141615424169274,1,0.10003334444814939,0.003060840241096435,0.021596276676622787,1,0.01791385233236663,0.04636912276046978,1,6.930376820566402,9.152187324126844,1
43,0.005,0.3737912637545849,0.0068515286046176484,0.042321791505062524,1,0.007340604385047077,0.02594146985592248,1,5.422099008190715,9.300322996108147,1,0.8186062020673558,0.004376575750438429,0.029337686337315448,1,0.005768133843315802,0.02624671193805729,1,6.107818957071322,8.892772621260502,1,0.15071690563521173,0.010110444218901513,0.041920433577883824,1,0.0069872394377971225,0.034414394231574524,1,5.522743136395758,8.775268795248989,1
43,0.01,0.43014338112704237,0.005790952336555346,0.03427029483858615,1,0.010958758888196541,0.040745107719736426,1,5.351698338810984,9.157344594564815,1,0.8216072024008003,0.005642322368476012,0.03518634891844285,1,0.007491713002654401,0.03040123219098738,1,5.628745960048827,9.21250994180316,1,0.20240080026675558,0.013466564927883794,0.04279735776524044,1,0.003499085914542994,0.010492927645348211,1,5.213305912908767,9.101014854200113,1
43,0.02,0.47149049683227745,0.005525165066000938,0.03296915195391274,1,0.00888082795204347,0.03526828149910278,1,5.280088167206397,8.924913996845058,1,0.8269423141047015,0.006233693374131501,0.03620492295689644,1,0.0036937182064003195,0.021672645365850087,1,6.141394307574706,8.989818204793723,1,0.3581193731243748,0.005056162177796386,0.03826999778550722,1,0.010194850271238703,0.03397605376594684,1,5.503156032281597,9.130442819606994,1
43,0.04,0.5528509503167722,0.00765721677609491,0.04172037829732644,1,0.008311512295671333,0.03397113906638847,1,5.393833693548855,9.130032477854975,1,0.8392797599199733,0.004402147986542474,0.03358664247492041,1,0.005590418936208479,0.03070391365330612,1,5.736302412551059,9.074723140654758,1,0.5338446148716238,0.00610069588723341,0.03983527822578847,1,0.010544481483167854,0.03640318365859372,1,4.553641909780285,9.125565159303227,1
44,0.0025,0.3294431477159053,0.009352257432417153,0.036083234050718706,1,0.005547214287387654,0.03356743767157207,1,6.16203261980217,8.621684135337677,1,0.8426142047349117,0.004971928427038886,0.026641144260636275,1,0.004230880642244718,0.025436405987940575,1,5.799880239579024,9.06821604638418,1,0.13171057019006335,0.005028971600172229,0.03312993534474923,1,0.008005119351117137,0.019450234120997834,1,5.31827806756854,8.673011216475414,1
44,0.005,0.34478159386462154,0.006112578920560678,0.03356388868660193,1,0.006751107410965292,0.026410154946822896,1,5.470800853761307,9.377150152359846,1,0.8292764254751583,0.0048043878077061175,0.031777614030155214,1,0.006049403543815776,0.030831175200809975,1,5.838174232048452,9.359892931124737,1,0.13871290430143382,0.008905617186310964,0.0380979392777387,1,0.004768638693506001,0.03874933625209177,1,6.9133205236226765,8.359422701882545,1
44,0.01,0.4104701567189063,0.0036061699336568144,0.027381607917421783,1,0.00901903589673551,0.03247636993835505,1,5.0875227221537065,9.069163888150747,1,0.8376125375125042,0.004279744859233013,0.034134634162113243,1,0.005051545707411052,0.03003297995485218,1,5.717896849844686,9.162963948578467,1,0.20073357785928642,0.007542726849356997,0.0386824080466474,1,0.00742863682312273,0.02230926410436197,1,5.5718500874276,9.206386300544912,1
44,0.02,0.44081360453484497,0.006227606685113015,0.03651855109710543,1,0.0075257205410936695,0.027872322625642522,1,5.75445422890877,9.212284516090133,1,0.8322774258086029,0.004208248540748838,0.027318433535870833,1,0.00518820896385089,0.030219711467970947,1,6.446412859845298,8.929852432259459,1,0.33944648216072026,0.006184902339810203,0.03604883402180353,1,0.008633385856650081,0.030732664448990605,1,5.802411208952384,9.030911445596319,1
44,0.04,0.5635211737245749,0.004704380527800437,0.02965021378553284,1,0.008188361020149365,0.030327090646202995,1,4.9386697288355,9.239739391571351,1,0.8572857619206402,0.0050201550268512115,0.03410906302392157,1,0.0046323490504782995,0.031007090278477457,1,5.647937933526038,9.107397218776091,1,0.5461820606868957,0.004030900019834754,0.0302438729123464,1,0.009334608581480166,0.03019190711193881,1,4.652717579205957,9.143754202680627,1
45,0.0025,0.37712570856952315,0.006375447290100294,0.03005985575279483,1,0.0063133193803628805,0.02147265587706131,1,4.952912137833824,9.369750761120816,1,0.8276092030676893,0.00531952983740923,0.030867146716805068,1,0.006657883282087005,0.029645182441011483,1,5.786678958264065,9.309373796578914,1,0.12904301433811272,0.011183332326143392,0.042157504824962645,1,0.00489730095663293,0.02916151672456313,1,7.193262969938902,7.334600984786796,1
45,0.005,0.401133711237079,0.002790427037590373,0.02020399144867596,1,0.011376453732319358,0.03650600283003492,1,4.537175106482443,9.142594239160509,1,0.8199399799933311,0.004218809681340092,0.027837164622457004,1,0.005198739095879168,0.02535787536573834,1,5.6688521740663855,9.248746557377892,1,0.1480493497832611,0.0007752969651168431,0.005071029181034222,1,0.010345972069396338,0.030549935729943384,1,4.096696094069395,9.161288170375263,1
45,0.01,0.3624541513837946,0.007575214702986514,0.03891323810577953,1,0.00916701174650954,0.03576582465385178,1,5.390599155859818,8.67961760177178,1,0.8226075358452818,0.005120673503426523,0.03577808284527604,1,0.006721169215195212,0.027526157228234614,1,5.5720755404512365,9.115964871311036,1,0.20540180060020008,0.004865404976351325,0.03765350605034211,1,0.009735799131550977,0.022982727806106506,1,4.648344743665785,9.237662016245999,1
45,0.02,0.4594864954984995,0.005116786630614162,0.031483119408293375,1,0.008254474884309065,0.025369059635968434,1,4.4256951778099385,9.267823431583079,1,0.837945981993998,0.003701691528255994,0.025838781894321754,1,0.007966099340174265,0.036320026990000136,1,5.675531343665207,9.260250866615252,1,0.3587862620873625,0.0027967467442292556,0.021671850048388265,1,0.009852252559683163,0.032496390688071496,1,4.379289081361458,9.222080137707104,1
45,0.04,0.543514504834945,0.006078354546988073,0.03619347748271074,1,0.00860323853178806,0.03244194810136376,1,4.977451678779614,9.350968569874713,1,0.827942647549183,0.0059014244257757035,0.03719003114258387,1,0.003885118641392901,0.023175076860967862,1,5.343490630168815,9.201682964280945,1,0.4641547182394131,0.009025503269884064,0.036573300150629234,1,0.006940643436277906,0.033986007336919755,1,5.972575716001897,8.873093073449574,1
46,0.0025,0.3357785928642881,0.009974488358813934,0.03465676463406666,1,0.006034659113421411,0.0296382517849158,1,6.459025637790841,8.53933562728256,1,0.8222740913637879,0.0049310957357724325,0.031124016591082156,1,0.007013284998096247,0.02682053608418429,1,5.655612843788319,9.168635226126765,1,0.10370123374458153,0.003108568832588831,0.03674349237643693,1,0.009228795178515572,0.028477476141232298,1,4.804359258373019,8.917791516079284,1
46,0.005,0.3837945981993998,0.005263678206188203,0.03417293945760678,1,0.008393989472507173,0.03401771586224943,1,4.986247295092504,9.369567533970276,1,0.8046015338446149,0.005543702770735785,0.03532354523385684,1,0.006910124172935867,0.031554533877290854,1,5.703434763996559,9.214452968388988,1,0.1417139046348783,0.0057417545618090385,0.029867372791838997,1,0.008150203281190031,0.03593631042388416,1,5.0475773923079945,8.947652979438413,1
46,0.01,0.36812270756918974,0.006384274955165692,0.03690527115132111,1,0.007623358133474662,0.02569535795186185,1,5.3557526827101185,9.378652793440622,1,0.8129376458819606,0.005875432202016461,0.03591556159107261,1,0.0038178249674562493,0.024039837183947727,1,5.8002298767397,8.941593490597569,1,0.17672557519173057,0.012360853818417904,0.042788592967193576,1,0.005678577328472282,0.031241453750669085,1,6.035994625436641,8.59711273599937,1
46,0.02,0.44214738246082025,0.0068785839975107396,0.03864183005107331,1,0.007967998619119385,0.03443639536789462,1,5.27943174212195,9.424051387293582,1,0.8112704234744915,0.005032350658122171,0.03615546381344545,1,0.006700924557513772,0.030182787040672517,1,5.687269705891622,9.22852763553733,1,0.32544181393797933,0.007678698838243593,0.04050034108662416,1,0.007642022557286422,0.029817591093685356,1,5.558648714364397,9.05124309859489,1
46,0.04,0.5555185061687229,0.010071589815400859,0.04206013459169539,1,0.008014986933640734,0.0362952641264126,1,5.4190408819952625,9.252355064984553,1,0.8299433144381461,0.007340281903511073,0.037791090937745304,1,0.006106349812607865,0.03249152355624422,1,5.317164154226315,9.11397927777417,1,0.5021673891297099,0.008851650505565892,0.04299275386962296,1,0.007983305017398822,0.036868785558434994,1,5.544908468516449,9.066850471633698,1
47,0.0025,0.3464488162720907,0.007119940366191659,0.03307619047240791,1,0.0073479118705299645,0.025988420470865387,1,4.732551119615596,9.027701843164836,1,0.8172724241413805,0.005364211980639939,0.03435550852259642,1,0.005798255471349134,0.030558236890294615,1,5.381494062890686,9.158742523451457,1,0.13471157052350782,0.008783562459546847,0.04030742694438471,1,0.00600703623514412,0.02105072989629434,1,5.473611162517276,9.352683268823004,1
47,0.005,0.3357785928642881,0.00973354146532873,0.037288408102084274,1,0.006396907310345894,0.03229498627544561,1,6.574237049143219,8.820807112465527,1,0.8252750916972325,0.005753585327838782,0.0318171638415705,1,0.004984372442340622,0.02947046221914551,1,6.111425953178283,9.220866143173323,1,0.13904634878292765,0.002141111485815166,0.008109948238241118,1,0.01087087666763952,0.037319994060631925,1,5.84736164873815,9.169352281886669,1
47,0.01,0.3974658219406469,0.0074553211740052356,0.03932615857324639,1,0.007600555771738797,0.029203569688455798,1,5.099531867918059,9.31546900330819,1,0.816272090696899,0.0069119096169715085,0.0368463356286721,1,0.0064057057237362405,0.03154989399827114,1,5.375179333965903,9.097866208021914,1,0.18839613204401467,0.007087824112798371,0.04066001966993677,1,0.007756177699524841,0.028899622228092992,1,5.153750634313282,8.757278561744968,1
47,0.02,0.41580526842280763,0.009981346079968704,0.04529350320370885,1,0.006325818819372286,0.029992028908178533,1,5.681031209454748,8.749579985134417,1,0.8252750916972325,0.00541855083285907,0.03283275712621373,1,0.004706413246819298,0.027811534166277324,1,5.913862647823303,9.050334498040446,1,0.27109036345448484,0.016584791123457045,0.04667627378950707,1,0.00337110020229145,0.025955946075296575,1,6.407481587964898,6.741325840509391,1
47,0.04,0.5568522840946982,0.008669383332953657,0.04357996097369815,1,0.00756521708862269,0.03406778002022795,1,4.715649567870052,9.14351528793791,1,0.831943981327109,0.006497835314001694,0.03497739517429269,1,0.004880233099489196,0.02358560455275358,1,5.445026233567674,9.347328955566311,1,0.47582527509169725,0.014291913905389503,0.0450838404933051,1,0.004130133409237599,0.019330646346177496,1,5.596957199992196,9.231752424812917,1
