{
  "train": {
    "n": 4999,
    "mse_log": 0.012792655266821384,
    "mae_log": 0.07269345968961716,
    "mse_raw": 9.784239227883518e-05,
    "coverage95": 0.9577915583116623
  },
  "val": {
    "n": 2999,
    "mse_log": 0.013245634734630585,
    "mae_log": 0.07580578327178955,
    "mse_raw": 0.0001178280872409232,
    "coverage95": 0.9506502167389129
  },
  "test": {
    "n": 2000,
    "mse_log": 0.01415535993874073,
    "mae_log": 0.07464666664600372,
    "mse_raw": 0.000100647535873577,
    "coverage95": 0.9615
  }
}