{
  "train": {
    "n": 4999,
    "mse_log": 0.012790115550160408,
    "mae_log": 0.07260052859783173,
    "mse_raw": 9.794738434720784e-05,
    "coverage95": 0.9565913182636527
  },
  "val": {
    "n": 2999,
    "mse_log": 0.013247832655906677,
    "mae_log": 0.0756908729672432,
    "mse_raw": 0.00011726007505785674,
    "coverage95": 0.9506502167389129
  },
  "test": {
    "n": 2000,
    "mse_log": 0.014153983443975449,
    "mae_log": 0.07451906055212021,
    "mse_raw": 9.900821169139817e-05,
    "coverage95": 0.9595
  }
}