p_true,J,rep,obs,MOM,MLE,ABC-MCMC,ABC-MCMC_cilen,ABC-MCMC_ci_lo,ABC-MCMC_ci_hi,ABC-MCMC_acc,GPS-ABC,GPS-ABC_cilen,GPS-ABC_ci_lo,GPS-ABC_ci_hi,GPS-ABC_acc,DNN-ABC,DNN-ABC_cilen,DNN-ABC_ci_lo,DNN-ABC_ci_hi,DNN-ABC_acc,NPE,NPE_ci_lo,NPE_ci_hi,NPE_cilen
0.0001,10,18,0.0245005242624007,9.692083938095396e-05,0.0001025443102647,0.0001167173476595,0.0002658165891363,3.1731940221359514e-05,0.0002975485293576,0.6894824707846411,0.0001176435665858,0.0002738753844597,1.9425698990019773e-05,0.0002933010834497,0.8731218697829716,8.681496419451083e-05,0.0002694806414585,1.422858783085177e-05,0.0002837092292894,0.9048414023372288,0.0001812920527299866,2.8866264938187692e-05,0.0005669007587130179,0.0005380344937748302
0.0001,10,24,0.052265177875519,0.0005074610134737,0.0005366236441578,0.0004533949812527,0.0016561993186156,1.354153076534508e-05,0.001669740849381,0.6093489148580968,0.000478172772618,0.0022914876314762,3.841697265192274e-05,0.0023299046041282,0.8614357262103506,0.0004550786776018,0.0012570426870699,5.929469251207829e-05,0.001316337379582,0.8580968280467446,0.0006847251788713038,0.00012774087408615742,0.001989076577592639,0.0018613357035064814
0.0001,10,2,0.0319473590064632,7.348118334987719e-05,7.771669844379511e-05,0.0001428152892333,0.0003476457802757,4.0420912119511664e-05,0.0003880666923952,0.6060100166944908,0.0002106477306452,0.0005810779058696,3.909683541906003e-05,0.0006201747412887,0.8681135225375626,0.000154021299234,0.000419538178243,2.011828056870344e-05,0.0004396564588117,0.8747913188647746,0.0002848079311661422,4.3752301826316406e-05,0.0009663108168751931,0.0009225585150488767
0.0001,10,17,0.0228498994361051,9.672919793679569e-05,0.0001021456765857,8.120049570725672e-05,0.0002222386891694,2.2290431686749327e-05,0.0002445291208561,0.6193656093489148,0.0001058571261501,0.0002506090353518,2.779130049820822e-05,0.00027840033585,0.8464106844741235,9.954191590342124e-05,0.0003304895283792,1.107008962732302e-05,0.0003415596180066,0.8864774624373957,0.0001592302869539708,2.537077593842696e-05,0.0004932867464958686,0.00046791597055744166
0.0001,10,26,0.0244406544449882,5.702236077781419e-05,6.0078637028297784e-05,0.0001207759633593,0.0003285388746039,2.3343734256222924e-05,0.0003518826088602,0.6243739565943238,0.0001136337417562,0.000334940081455,2.031881837839933e-05,0.0003552588998334,0.8697829716193656,0.0001083354544451,0.0002656170498944,2.165317153616917e-05,0.0002872702214306,0.8898163606010017,0.0001761155726853758,2.789244754239917e-05,0.0005349570856196805,0.0005070646380772813
0.0001,10,7,0.0279075425667075,5.257204130304505e-05,5.551189337222373e-05,0.00011710094174,0.0003591572723752,1.3848713808298622e-05,0.0003730059861835,0.6243739565943238,0.0001984768274746,0.0006883449179061,4.379576093713805e-05,0.0007321406788432,0.8647746243739566,9.389359803105927e-05,0.0002759058053476,1.4752876524010084e-05,0.0002906586818716,0.8697829716193656,0.00023691671958658844,3.76905020857521e-05,0.0007458867388777424,0.0007081962367919902
0.0001,10,21,0.0252256086307655,9.461149054629248e-05,9.983613938154488e-05,0.0001198088020146,0.0002462494107305,2.5136188978564295e-05,0.000271385599709,0.5909849749582637,9.014483837681525e-05,0.0002276736811829,1.6907153769196062e-05,0.0002445808349521,0.8497495826377296,0.0001102420009872,0.0002956752584124,1.666337707817556e-05,0.0003123386354905,0.8797996661101837,0.00019989866996183991,3.308468467366765e-05,0.000628770318871829,0.0005956856341981613
0.0001,10,11,0.0138993363300668,1.912556043531799e-05,2.018278639295342e-05,3.447898390642513e-05,7.992422339072004e-05,1.0254082461015794e-05,9.017830585173584e-05,0.664440734557596,4.4083764241982766e-05,0.0001392816237768,1.1285981154688448e-05,0.0001505676049315,0.9265442404006676,4.3488509192558467e-05,0.0001076710370228,1.0732031087593174e-05,0.0001184030681104,0.9265442404006676,6.007435513311066e-05,9.12586801860016e-06,0.00019280372434877783,0.00018367785633017768
0.0001,10,4,0.0252683424057364,8.422320595130595e-05,8.871558947072247e-05,0.0001249547243263,0.0005250351570583,1.1607890921776953e-05,0.00053664304798,0.5993322203672788,0.0001031431560788,0.000257699515107,1.670459812169279e-05,0.0002744041132287,0.8831385642737897,9.542440217976344e-05,0.0002507762391841,1.2420947294176167e-05,0.0002631971864782,0.8981636060100167,0.00019185074779670686,2.8278440322537857e-05,0.0006225879405974404,0.0005943095002749026
0.0001,10,19,0.02552089802969,7.34300707828095e-05,7.765563331109808e-05,6.034980770125515e-05,0.0001652618287061,1.2291777576680697e-05,0.0001775536062827,0.6160267111853088,0.0001974910981722,0.0010675667272973,2.765046362207356e-05,0.0010952171909194,0.8881469115191987,0.0001476452023545,0.0004781445621866,2.3370710354096595e-05,0.0005015152725407,0.8547579298831386,0.00019650746253319085,2.856188580153686e-05,0.0006316451690508954,0.0006030832832493585
0.0001,10,22,0.0193123889208057,3.826371144444174e-05,4.048951059876447e-05,8.358739818301778e-05,0.0002227371098119,1.9001560199258272e-05,0.0002417386700111,0.669449081803005,0.0001238685419584,0.0003834962252345,1.870267107725122e-05,0.0004021988963118,0.8664440734557596,9.651397470132471e-05,0.0002580949748227,1.209841530622408e-05,0.0002701933901289,0.8931552587646077,0.0001194073265651241,1.7224718249053698e-05,0.00039904872610350137,0.0003818240078544477
0.0001,10,5,0.0192115184176174,4.177170082220183e-05,4.42603572809011e-05,9.86808000348544e-05,0.000263413747795,2.0261753633767088e-05,0.0002836755014287,0.6494156928213689,6.765975509081401e-05,0.0002570466473605,1.1259912737948902e-05,0.0002683065600985,0.8898163606010017,7.011527349273176e-05,0.0002401520820685,1.8043642281366896e-05,0.0002581957243499,0.9098497495826378,0.00011498769163154066,1.733305039124389e-05,0.0003571034692868119,0.000339770418895568
0.0001,10,28,0.0234412937371138,0.0002233703952526,0.0002370714762909,0.0001902434154455,0.0008072147235286,3.087894415576946e-05,0.0008380936676844,0.6310517529215359,0.0001167732287655,0.0003681457566018,2.7241459045258056e-05,0.000395387215647,0.8931552587646077,9.404068816776542e-05,0.0002730599884343,1.8878996195000583e-05,0.0002919389846293,0.9031719532554258,0.0001689760247245431,2.5462260509812044e-05,0.0005298988369759169,0.0005044365764661048
0.0001,10,16,0.0232486309226832,3.948664798048007e-05,4.160888486346096e-05,5.344428052027101e-05,0.0001726227904542,1.0171260833685472e-05,0.0001827940512879,0.5559265442404007,8.538257049420029e-05,0.0003517494428065,1.1678536563132523e-05,0.0003634279793697,0.8781302170283807,9.58696492477374e-05,0.0003197425219652,1.3333193602306762e-05,0.0003330757155675,0.8764607679465777,0.00016153938486240804,2.2695882262269154e-05,0.0005075891152955589,0.0004848932330332898
0.0001,10,8,0.0173053180514637,3.179783894019517e-05,3.357502686869106e-05,4.9940000643261025e-05,0.0001222763622383,1.1092840539562106e-05,0.0001333692027778,0.6844741235392321,5.801064124267703e-05,0.000169134988736,1.381174397071962e-05,0.0001829467327067,0.8848080133555927,5.8497432705878445e-05,0.000159834763843,1.0877232425531925e-05,0.0001707119962685,0.9165275459098498,9.48231972870417e-05,1.280051853882469e-05,0.0003050264487683307,0.00029222593022950596
0.0001,10,23,0.0150911556552037,3.709180609762219e-05,3.9257502520718424e-05,8.59319427284372e-05,0.0003728106025313,1.1957443617199831e-05,0.0003847680461485,0.6811352253756261,3.938838025689047e-05,9.500637933618908e-05,1.1055818749391229e-05,0.0001060621980855,0.9232053422370616,4.392137915894309e-05,0.000104997615477,1.1568956976134416e-05,0.0001165665724532,0.9482470784641068,7.08572260919027e-05,1.1478440455903184e-05,0.00024114301377267086,0.00022966457331676768
0.0001,10,10,0.01465685328124,3.681530154925339e-05,3.8887682865271336e-05,4.477199312340256e-05,0.0001182167111981,1.1012730615609656e-05,0.0001292294418137,0.6844741235392321,4.3168838351805475e-05,0.0001434356312228,1.1448911441692798e-05,0.0001548845426645,0.9115191986644408,3.766211071899902e-05,0.0001215654395248,1.0347921709739529e-05,0.0001319133612346,0.9365609348914858,6.907951319590211e-05,9.757190014170195e-06,0.00022025345024303503,0.00021049626022886484
0.0001,10,9,0.011757759547643,3.038950738681878e-05,3.2158163456422184e-05,3.736629202727296e-05,8.398423814933643e-05,1.1461481108767958e-05,9.54457192581044e-05,0.7278797996661102,3.2418564770570446e-05,9.660667565312576e-05,1.0929555787950796e-05,0.000107536231441,0.8981636060100167,2.980351699471939e-05,6.886881693511146e-05,1.0428328942377085e-05,7.929714587748854e-05,0.8848080133555927,4.3837015255121514e-05,6.15948393942745e-06,0.00014447926878347037,0.00013831978484404292
0.0001,10,25,0.0148080729953088,2.979788180695886e-05,3.145242924914536e-05,4.352752624686013e-05,0.0001167858349027,1.0959574934933003e-05,0.0001277454098376,0.6844741235392321,4.487395738281105e-05,9.745072134448313e-05,1.1932763336227403e-05,0.0001093834846807,0.8964941569282137,5.536400112814247e-05,0.0002054648483598,1.069941627960798e-05,0.0002161642646394,0.9048414023372288,7.35530920792371e-05,1.0633910505930552e-05,0.00023867960262577979,0.00022804569211984924
0.0001,10,13,0.0163253418537734,2.6470171218595517e-05,2.796268599566523e-05,4.307415153732432e-05,0.0001157301049722,1.1038969778788305e-05,0.000126769074751,0.6393989983305509,4.8581047079383585e-05,0.0001344445251933,1.1921656768667478e-05,0.000146366181962,0.9148580968280468,4.876584035644919e-05,0.0001261073485426,1.0995142200993838e-05,0.0001371024907436,0.9298831385642736,8.333143341587856e-05,1.2325232091825457e-05,0.00027004060175386254,0.0002577153696620371
0.0001,10,12,0.0145152544765347,3.264387942930602e-05,3.4538658819860876e-05,3.6100897507531304e-05,0.0001123587242823,1.0534662023734646e-05,0.0001228933863061,0.679465776293823,4.754431886808113e-05,0.0001498568830292,1.0801662042901536e-05,0.0001606585450721,0.9098497495826378,5.546158686228597e-05,0.0001269210706417,1.3062209178402933e-05,0.0001399832798201,0.9298831385642736,6.820354610681534e-05,1.0323336186957022e-05,0.0002361542603466659,0.00022583092415970888
0.0001,10,3,0.0129843040819068,3.7683256651932506e-05,3.993696539150006e-05,3.099357938091053e-05,6.591316851589803e-05,1.0852183986292515e-05,7.676535250219055e-05,0.654424040066778,2.9687609932125865e-05,7.557714436851877e-05,1.0331428907493916e-05,8.590857327601268e-05,0.9549248747913188,2.6174001423817912e-05,5.035249005641523e-05,1.0395825796796388e-05,6.074831585321162e-05,0.9115191986644408,5.3597268561134115e-05,7.718348138041625e-06,0.00017784872870834078,0.00017013038057029915
0.0001,10,6,0.0286792007870949,6.947134373147534e-05,7.369164145541835e-05,7.6276830437319e-05,0.000377050461853,1.0580618801122106e-05,0.0003876310806542,0.4223706176961602,9.42471928620731e-05,0.0003282456645148,1.7533681897623968e-05,0.0003457793464125,0.8547579298831386,0.0001335514874831,0.0003842447467593,1.47851036192489e-05,0.0003990298503785,0.8931552587646077,0.00024235706951003522,4.233961190038829e-05,0.0007351217704126589,0.0006927821585122707
0.0001,10,27,0.0116981189552028,1.3788845872608755e-05,1.4614522206490426e-05,3.5349123837660324e-05,8.182874172796273e-05,1.0571861148214882e-05,9.240060287617762e-05,0.671118530884808,2.5679206270625068e-05,7.294429619707156e-05,1.036711771871752e-05,8.331141391578908e-05,0.9065108514190318,3.00843081872483e-05,0.0001020153117419,1.0307419481296753e-05,0.0001123227312232,0.8931552587646077,4.436992094269954e-05,6.036899776518119e-06,0.00015002995787654057,0.00014399305810002246
0.0001,10,14,0.0100576482083423,2.1929876625914613e-05,2.326006881272363e-05,2.765804282100404e-05,5.842534653711361e-05,1.0751405987111343e-05,6.917675252422496e-05,0.7095158597662772,2.631211507886346e-05,8.079365950664114e-05,1.070676232755724e-05,9.150042183419838e-05,0.8647746243739566,3.5549087841423996e-05,9.67872875641475e-05,1.0428302305764644e-05,0.0001072155898699,0.8414023372287145,3.365725206094794e-05,3.775595041588533e-06,0.00011549402897799148,0.00011171843393640294
0.0001,10,31,0.0325761266552113,0.0001787172836256,0.0001894538398442,0.0001601451698465,0.0005734973839243,1.0338216560351522e-05,0.0005838356004847,0.5876460767946577,0.0002640606779732,0.0006278892885404,2.938122321779879e-05,0.0006572705117582,0.8580968280467446,0.0001760759386854,0.0004740481351554,3.38132940847816e-05,0.0005078614292402,0.8864774624373957,0.000305226567434147,5.124548179082924e-05,0.0009233483811840407,0.0008721028993932114
0.0001,10,35,0.0325054454165578,0.0001367546666297,0.0001447433123635,0.0002263755402472,0.0004798207943837,5.926627790625922e-05,0.0005390870722899,0.6110183639398998,0.0001545225806304,0.0004604778498211,4.0709532665556926e-05,0.0005011873824867,0.8864774624373957,0.0001018941513048,0.0003005482719316,1.2632358176722264e-05,0.0003131806301084,0.8864774624373957,0.0002995379036292434,4.746215117847898e-05,0.000886312467628157,0.000838850316449678
0.0001,10,15,0.0137074127362173,2.4712940920434967e-05,2.6114924568213264e-05,2.903447469652903e-05,7.077965877525536e-05,1.0526200389480724e-05,8.130585916473608e-05,0.6828046744574291,2.7747717585451e-05,5.300026680965704e-05,1.0271784514565904e-05,6.327205132422295e-05,0.9298831385642736,2.561898842865835e-05,5.328431126271542e-05,1.0180874280735142e-05,6.346518554345056e-05,0.9532554257095158,6.205619138199836e-05,8.67576966356865e-06,0.00020738617349707028,0.00019871040383350163
0.0001,10,30,0.0162437397313909,3.155205240068515e-05,3.338789569597501e-05,3.980903662341282e-05,0.0001717860770247,1.0516718566935175e-05,0.0001823027955916,0.6277128547579299,5.713182813512077e-05,0.0002033054027841,1.075019045019976e-05,0.0002140555932343,0.9131886477462438,7.274443652164628e-05,0.0002031244629445,1.2999235625313062e-05,0.0002161236985698,0.8797996661101837,8.197127317544073e-05,1.2010314412691517e-05,0.0002643747626279945,0.00025236444821530297
0.0001,10,0,0.0089411732910104,1.4350511230443176e-05,1.5219203039666336e-05,2.0464622335671446e-05,3.507091186114179e-05,1.0683328014710182e-05,4.575423987585197e-05,0.6961602671118531,2.3192415192527996e-05,6.03640549806925e-05,1.0254556473989386e-05,7.061861145468188e-05,0.8230383973288815,2.0550050080529345e-05,4.445320540846324e-05,1.0319183231152243e-05,5.477238863961548e-05,0.8096828046744574,2.634342308738269e-05,3.14259865490385e-06,8.627619172330008e-05,8.313359306839622e-05
0.0001,10,1,0.0029672316957058,3.894478683375002e-06,4.140057900139862e-06,1.777173060940552e-05,2.8931318003894767e-05,1.0052926315197192e-05,3.898424431909196e-05,0.2938230383973289,1.295064628939188e-05,1.2374102627862475e-05,1.0174137071900931e-05,2.2548239699763407e-05,0.5575959933222037,1.4228705766965406e-05,2.4129422510391337e-05,1.0056039420107705e-05,3.418546193049904e-05,0.5826377295492488,3.410156750760507e-06,3.902996375870771e-07,1.3625743713419056e-05,1.3235444075831979e-05
0.0001,10,20,0.0072532399548816,7.123539950304458e-06,7.554414748874977e-06,2.037410390487389e-05,2.649105291346736e-05,1.0431850579255969e-05,3.692290349272333e-05,0.667779632721202,2.471604415145833e-05,5.7150561790494475e-05,1.017636657663869e-05,6.732692836713317e-05,0.7829716193656093,2.1269060418823467e-05,5.315101935305576e-05,1.0037833368141913e-05,6.318885272119767e-05,0.7729549248747913,1.7683531041257083e-05,2.0845390736212727e-06,6.234832471818663e-05,6.026378564456536e-05
0.0001,10,29,0.0239729644720365,7.183140983979541e-05,7.603883877424768e-05,5.956218772874933e-05,0.0002815830956879,1.0569025222135632e-05,0.0002921521209101,0.5225375626043406,9.975715804176267e-05,0.0004072355335937,1.2684683209306325e-05,0.000419920216803,0.8781302170283807,9.611061676826076e-05,0.000280364655411,1.7184210957629166e-05,0.0002975488663687,0.8664440734557596,0.00017735653091222048,2.6302692504032186e-05,0.000572319813363719,0.0005460171208596868
0.0001,10,32,0.0155884970478539,2.023975730153227e-05,2.13544602266649e-05,6.72311371189314e-05,0.0002049496044459,1.763767512352949e-05,0.0002225872795694,0.6844741235392321,5.26935736018719e-05,0.0001215233473262,1.2027040666230918e-05,0.0001335503879924,0.8998330550918197,4.497126207803568e-05,0.000109111185902,1.1012884450979264e-05,0.000120124070353,0.9348914858096828,7.931933942018077e-05,1.1179026728314062e-05,0.00026144135626964265,0.0002502623295413286
0.0001,10,33,0.026487010030037,0.0001300639555077,0.0001376840848686,7.949542717920497e-05,0.0002848831317682,1.2015400559690186e-05,0.0002968985323279,0.5943238731218697,0.0001259742113742,0.0003897931433826,2.2565601904293193e-05,0.0004123587452869,0.8731218697829716,0.0001250042479256,0.0003879722876113,1.4171475655847016e-05,0.0004021437632672,0.8764607679465777,0.00020564267470035702,3.2582094536337574e-05,0.0006457134950323962,0.0006131314004960586
0.0001,10,36,0.0196376512348799,0.0003376398573865,0.0003592671365713,6.732589530147098e-05,0.0001341084947501,1.9095496775853163e-05,0.0001532039915259,0.662771285475793,8.955290143322854e-05,0.0002351651572477,1.99885907233551e-05,0.0002551537479711,0.8764607679465777,6.76842979824207e-05,0.0001722503199096,1.2145645791759794e-05,0.0001843959657014,0.8914858096828047,0.00011952708882745355,1.9924013668060096e-05,0.0003672203987662212,0.00034729638509816107
0.0001,10,39,0.0215149611296566,6.871481909054289e-05,7.277954931586866e-05,8.781331137808287e-05,0.0003089500699692,1.6437516221367924e-05,0.0003253875861906,0.6060100166944908,7.98169895071487e-05,0.000237370198164,1.4335453700529348e-05,0.0002517056518645,0.8848080133555927,0.0001286236665578,0.0003136019371307,2.3646326665679092e-05,0.0003372482637964,0.8597662771285476,0.00014226650819182396,2.2295527332971722e-05,0.00043912340261158527,0.00041682787527861357
0.0001,10,34,0.0226564606175111,7.340432594687973e-05,7.73354958711239e-05,6.094936752823208e-05,0.0001835873818125,1.0742165818922114e-05,0.0001943295476315,0.5843071786310517,8.86879182750988e-05,0.0002949411325221,2.4652543539913857e-05,0.000319593676062,0.8480801335559266,8.618929072176842e-05,0.0002210529029532,1.585297376881924e-05,0.000236905876722,0.9181969949916527,0.00015678975614719093,2.0155108722974565e-05,0.0004848404809308703,0.00046468537220789574
0.0001,10,37,0.0221493254434117,3.9155385442690704e-05,4.131456525974148e-05,5.030079238933822e-05,0.0001714362688486,1.0753898063254355e-05,0.0001821901669119,0.5959933222036727,9.663432541280042e-05,0.0002314301527306,1.761763154470604e-05,0.0002490477842753,0.8497495826377296,8.318589136400417e-05,0.0002324747190453,1.5886982858571477e-05,0.0002483617019039,0.9015025041736228,0.00014997893595136702,2.188612907048083e-05,0.00046174662929843137,0.0004398605002279505
0.0001,10,38,0.0169170984811841,2.1123983950432912e-05,2.2336171169764348e-05,5.90319439116132e-05,0.0002348333619238,1.1368439419381238e-05,0.0002462018013432,0.6477462437395659,4.597464690457051e-05,0.0001150935582126,1.1083202873274233e-05,0.0001261767610858,0.9232053422370616,8.493572166217603e-05,0.0003262130825159,1.4373683646607192e-05,0.0003405867661625,0.8781302170283807,9.030450746649876e-05,1.2988688627046943e-05,0.000293925635924097,0.00028093694729705007
0.0001,50,13,0.0303012259797494,0.0003920628421538,0.0004142026693332,0.0001651845256712,0.0002458553424411,6.253872871844047e-05,0.0003083940711595,0.5592654424040067,0.0001831821162666,0.0002916941999246,8.456049342094476e-05,0.0003762546933455,0.7362270450751253,0.0001731006523408,0.000211758101736,7.333546914955437e-05,0.0002850935708856,0.7328881469115192,0.00019395251001697034,7.980828286235923e-05,0.0003782577121455684,0.00029844942928320913
0.0001,50,9,0.025382020738505,0.0001282855412411,0.0001353847537748,0.0001494874263947,0.000280794787182,4.43506280839065e-05,0.0003251454152659,0.5191986644407346,0.0001160930725466,0.0001551351696707,6.128185154615127e-05,0.0002164170212168,0.7712854757929883,0.0001191817075541,0.0001753137945145,5.180599309549836e-05,0.00022711978761,0.7345575959933222,0.0001364087511319667,5.705102157662623e-05,0.000265404513629619,0.00020835349205299277
0.0001,50,17,0.0303991630380135,8.857432970987844e-05,9.340470004215151e-05,0.0001917463863971,0.000374164610453,6.844638971733097e-05,0.0004426110001703,0.5826377295492488,0.0001891419337326,0.0003101040140974,7.585915718211115e-05,0.0003859631712796,0.7646076794657763,0.0001599431702309,0.0001985848677378,7.725012258618725e-05,0.000275834990324,0.7412353923205343,0.0001920814684126526,8.603563273936746e-05,0.00036149111110717053,0.0002754554783678031
0.0001,50,15,0.02675874606647,7.825745113165805e-05,8.262869955589049e-05,0.0001291008768492,0.0002294918173216,2.41352367180119e-05,0.0002536270540396,0.5191986644407346,0.0001259168298943,0.0002017232833824,5.585001405189656e-05,0.0002575732974343,0.7412353923205343,0.0001203029156377,0.0002143739621464,4.316463184107581e-05,0.0002575385939874,0.7028380634390651,0.00015109128435142338,6.1012499463686255e-05,0.0002871808392228557,0.00022616833975916945
0.0001,50,10,0.0263117266765096,0.0001308034334012,0.0001383522623367,0.0001301266476074,0.0002123737987225,4.58415672813654e-05,0.0002582153660039,0.5976627712854758,0.0001358227879295,0.0002216873762379,6.12802865485411e-05,0.0002829676627864,0.7479131886477463,0.0001280688498629,0.000209360639721,3.2108617589243124e-05,0.0002414692573102,0.7362270450751253,0.00014616367116104811,5.6383518494840276e-05,0.000281908821489196,0.0002255253029943557
0.0001,50,23,0.024902144789859,0.0002382843369977,0.000251511862418,0.0001248877158994,0.00016545254575,6.016803739683321e-05,0.0002256205831468,0.6076794657762938,0.0001244239476038,0.0002022322315636,5.494087992051811e-05,0.0002571731114841,0.7412353923205343,0.0001069208360769,0.0001407008862238,5.073249224157168e-05,0.0001914333784654,0.7612687813021702,0.00012997577141504735,5.206984851611196e-05,0.00025776178081287043,0.00020569193229675846
0.0001,50,12,0.0194589920903758,6.218923307316215e-05,6.584586100982585e-05,7.970490047338792e-05,0.000144234029697,3.089693367466035e-05,0.0001751309633716,0.6126878130217028,6.927465392048037e-05,9.90572620957528e-05,2.9626209351741093e-05,0.0001286834714474,0.7245409015025042,7.25462444019189e-05,0.0001206542579819,2.6662765141492293e-05,0.0001473170231234,0.7846410684474123,8.113843796309084e-05,2.967306413665939e-05,0.00015809454562258903,0.00012842148148592964
0.0001,50,22,0.0295858898360239,0.0002152618648964,0.0002274538754878,0.0001706419360882,0.0003183713154521,6.614936386741361e-05,0.0003845206793196,0.5893155258764607,0.0001617084678041,0.0002343302270604,5.9391626445494234e-05,0.0002937218535059,0.7128547579298832,0.0001790430796014,0.0002710771984509,7.845134269415663e-05,0.0003495285411451,0.7262103505843072,0.0001811301044654101,7.783447199471996e-05,0.00033728693597367954,0.0002594524639789596
0.0001,50,2,0.0235256466205512,5.028038235938004e-05,5.3062095516038575e-05,0.0001131150788364,0.000185217271827,4.078747004876051e-05,0.0002260047418757,0.5859766277128547,0.0001194671480279,0.0002315012375076,5.474717472493341e-05,0.0002862484122326,0.7245409015025042,0.0001054217794283,0.0001886560154695,3.994656779600595e-05,0.0002286025832655,0.7662771285475793,0.00011531914060469717,4.425998804435951e-05,0.00022466542141046374,0.00018040543336610422
0.0001,50,20,0.0290418599736324,0.0001331648939734,0.0001408608452334,0.000127629508926,0.0002132839198334,3.655023086448408e-05,0.0002498341506979,0.5642737896494157,0.0001763457025639,0.0003545230406904,4.546828525104979e-05,0.0003999913259415,0.6994991652754591,0.0001701006913144,0.0003060404210889,5.9507881482104714e-05,0.000365548302571,0.7495826377295493,0.00017575573292560875,7.395733882731294e-05,0.0003440557535213881,0.00027009841469407517
0.0001,50,11,0.0225561347286865,3.9437184794544056e-05,4.1638673160893296e-05,0.0001029993635782,0.0001886453649099,3.980350004611029e-05,0.000228448864956,0.5425709515859767,9.36465631834354e-05,0.0001519828827917,3.405551235744927e-05,0.0001860383951491,0.7462437395659433,9.562192096776844e-05,0.0001468992898034,3.5620025959410234e-05,0.0001825193157628,0.7679465776293823,0.00010584646952338517,4.141806002735394e-05,0.0002049403377895941,0.00016352227776224017
0.0001,50,14,0.0231399218528799,6.44813422618351e-05,6.816492158075428e-05,9.280686269989952e-05,0.0001533210856137,3.163968373781404e-05,0.0001849607693515,0.5843071786310517,0.0001005289065068,0.0001523741103244,4.362431591528485e-05,0.0001959984262396,0.7145242070116862,0.0001158321142176,0.0002073489022299,4.591517567711888e-05,0.000253264077907,0.7579298831385642,0.000111114073661156,4.285888335289202e-05,0.000223295910473098,0.00018043702712020596
0.0001,50,7,0.019273613839421,5.889430740230184e-05,6.224857889159553e-05,8.220090811680412e-05,0.0001992784716908,2.397198793085063e-05,0.0002232504596216,0.5642737896494157,8.650756037724094e-05,0.0001556481236859,3.276223023623005e-05,0.0001884103539221,0.7328881469115192,7.607307884747818e-05,0.0001084135913652,3.35862792482445e-05,0.0001419998706135,0.7646076794657763,7.929404091555625e-05,2.963472329611252e-05,0.00016038493085943626,0.00013075020756332374
0.0001,50,4,0.0209616479154894,4.406850296251319e-05,4.6537581064648944e-05,8.089323833897212e-05,0.0001182319699591,2.686591149791322e-05,0.000145097881457,0.5559265442404007,7.738966047149916e-05,9.275011760979632e-05,3.994568808198845e-05,0.0001326958056917,0.7412353923205343,7.991759650321672e-05,0.0001242144937039,2.830909289408896e-05,0.000152523586598,0.7462437395659433,9.224564564647153e-05,3.4534985479695025e-05,0.0001858068604633444,0.0001512718749836494
0.0001,50,21,0.0212189419333474,4.431087895256925e-05,4.672391330334571e-05,7.098776097435519e-05,0.000148734070699,1.5163944109462833e-05,0.0001638980148085,0.5308848080133556,9.001305650972585e-05,0.0001145213120474,4.1830557769798526e-05,0.0001563518698172,0.7445742904841403,8.147203184464664e-05,0.0001416141890077,2.33016280238182e-05,0.0001649158170316,0.7529215358931552,9.631941793486476e-05,3.842017686110923e-05,0.00019063721047132275,0.00015221703361021353
0.0001,50,5,0.0191907277017513,0.0001100990860168,0.0001163266987484,6.700841892667953e-05,0.0001153643523663,1.983059075329281e-05,0.0001351949431196,0.6160267111853088,7.307737946535387e-05,0.0001208415448759,3.5534961813238716e-05,0.0001563765066891,0.7395659432387313,7.679215439897316e-05,0.0001238781901452,3.24280120192614e-05,0.0001563062021644,0.7562604340567612,7.90340855019167e-05,2.888387989514741e-05,0.00015488584031118078,0.00012600196041603337
0.0001,50,8,0.0190821497385972,2.9253005869089858e-05,3.09362815953854e-05,6.259533579450604e-05,9.454509027929292e-05,2.2849250597233287e-05,0.0001173943408765,0.5626043405676127,7.126210540904264e-05,0.000110067347522,2.9149060655015483e-05,0.000139216408177,0.7612687813021702,7.257077615050024e-05,0.0001059901754984,3.0741937122185694e-05,0.0001367321126205,0.7579298831385642,7.781528256600723e-05,2.98356492749008e-05,0.0001486873916292096,0.00011885174235430881
0.0001,50,1,0.0187731904551765,6.329310159935986e-05,6.698779686803403e-05,5.9123691296636135e-05,0.0001316786490809,1.4460851411397872e-05,0.0001461395004923,0.5759599332220368,6.128064702021651e-05,7.326148393101873e-05,2.9144633355731618e-05,0.0001024061172867,0.7228714524207012,7.314099750902897e-05,0.0001117180511113,2.4929262506621707e-05,0.0001366473136179,0.7679465776293823,7.607961015310138e-05,2.8682910487987102e-05,0.0001532759884867118,0.0001245930779987247
0.0001,50,16,0.0183865602584531,4.3092732246119425e-05,4.555916064740792e-05,6.899922247997184e-05,8.916280392732575e-05,2.5041663803519127e-05,0.0001142044677308,0.6193656093489148,5.619943830986789e-05,8.09624225539165e-05,2.219851248299461e-05,0.0001031609350369,0.7545909849749582,6.817023204973955e-05,0.00012430032289,2.8745638585551375e-05,0.0001530459614755,0.7662771285475793,7.29920357116498e-05,2.520649732105085e-05,0.0001453405260690487,0.00012013402874799784
0.0001,50,3,0.0158981169025312,3.988786207015371e-05,4.2126252815266934e-05,4.310714406532893e-05,8.303982159659627e-05,1.53348112900445e-05,9.837463288664078e-05,0.5843071786310517,4.4748457688719334e-05,5.893176769620277e-05,1.8484786163223857e-05,7.741655385942663e-05,0.7161936560934892,4.282643631302949e-05,6.794149560529874e-05,1.4508641473915651e-05,8.245013707921439e-05,0.8063439065108514,5.594497633865103e-05,2.0589757014022325e-05,0.00011558730384422233,9.49975468302e-05
0.0001,50,19,0.0169672792040856,4.5833359542390983e-05,4.8448053221213814e-05,5.937897349457987e-05,8.113265668442093e-05,2.286025691640837e-05,0.0001039929136008,0.6343906510851419,5.8170271473590136e-05,8.886347263861899e-05,2.7377216207564e-05,0.0001162406888461,0.7529215358931552,5.294879196615068e-05,8.689113228742994e-05,1.9771059908704128e-05,0.0001066621921961,0.8080133555926544,6.212458538357168e-05,2.0856094306509486e-05,0.00012852232102886766,0.00010766622672235817
0.0001,50,25,0.019404005487863,4.8830307412983665e-05,5.165031134396552e-05,7.058961318946849e-05,0.0001238785762945,1.749424385652702e-05,0.0001413728201511,0.5642737896494157,6.846611611067873e-05,8.997352344640394e-05,3.2841068821383996e-05,0.0001228145922677,0.7479131886477463,7.188261320569113e-05,7.96994910693497e-05,4.129228318377824e-05,0.0001209917742531,0.7796327212020033,7.963561074575409e-05,2.8737063075823244e-05,0.0001643538093048846,0.00013561674622906137
0.0001,50,0,0.0147122380825887,4.875612847127231e-05,5.1530214344505466e-05,4.14143158532712e-05,6.793716722484173e-05,1.4058576931702648e-05,8.199574415654439e-05,0.5792988313856428,4.0757901610778715e-05,5.237446966404368e-05,1.9345534395587123e-05,7.17200040596308e-05,0.7495826377295493,4.117855233737414e-05,7.139107458248809e-05,1.6581180804421588e-05,8.797225538690968e-05,0.8013355592654424,4.8421927203889936e-05,1.7034633401635822e-05,9.599494442227277e-05,7.896031102063694e-05
0.0001,50,6,0.018147237892403,2.89575950296328e-05,3.0558366403777776e-05,5.352557012299044e-05,0.0001013025852199,1.3797317869894569e-05,0.0001150999030898,0.5876460767946577,6.427821577995586e-05,0.0001138216945384,2.8368597761034437e-05,0.0001421902922995,0.7662771285475793,6.778620192348716e-05,0.0001022883630991,2.565198545996301e-05,0.000127940348559,0.7562604340567612,7.078049384290352e-05,2.738097018664123e-05,0.00014081229965086074,0.00011343132946421952
0.0001,50,27,0.0159140402732451,4.093056287679531e-05,4.329952352328355e-05,5.082431409078254e-05,0.0001066319202528,1.7805235510581567e-05,0.0001244371557634,0.6093489148580968,4.682981688272083e-05,7.373496727319891e-05,2.1892281399603624e-05,9.562724867280254e-05,0.7312186978297162,4.807303015304825e-05,9.1595932115297e-05,2.0549792845128908e-05,0.0001121457249604,0.7462437395659433,5.545988824451342e-05,1.9099977726000362e-05,0.00011206817453057731,9.296819680457694e-05
0.0001,50,26,0.0185606401104146,5.727922716319833e-05,6.053507850395721e-05,5.301981104819877e-05,0.0001141828728323,1.0614312601239048e-05,0.0001247971854336,0.5041736227045075,7.110955083706479e-05,9.606968704962542e-05,3.22415225185837e-05,0.0001283112095682,0.7362270450751253,6.741517192318435e-05,0.000111266662122,2.3584757734892664e-05,0.0001348514198569,0.7879799666110183,7.382198964478448e-05,2.9208614841991223e-05,0.00014514873691950925,0.00011594012207751802
0.0001,50,24,0.0141781530077742,3.998536803467845e-05,4.227745213835186e-05,3.9294301460518624e-05,5.866052970422575e-05,1.4903151716364006e-05,7.356368142058975e-05,0.6093489148580968,5.03084123055276e-05,0.0001098621014085,1.8350322955494665e-05,0.000128212424364,0.7111853088480802,4.4244988628594366e-05,8.76857554631492e-05,1.690614209901838e-05,0.0001045918975621,0.7696160267111853,4.461457137949765e-05,1.7062660981537194e-05,8.906436578399729e-05,7.200170480246009e-05
0.0001,50,28,0.0247734919583864,7.271637823919042e-05,7.686523242062084e-05,0.0001107039067685,0.0001781266736399,4.8410986343181046e-05,0.0002265376599831,0.6160267111853088,0.0001110333120846,0.0002241832891956,5.105528483061288e-05,0.0002752385740262,0.7328881469115192,0.0001008000571081,0.0001832620013827,3.588910835527672e-05,0.0002191511097379,0.7245409015025042,0.00012845417950302362,5.070715242254665e-05,0.0002512474966351873,0.00020054034421264065
0.0001,50,18,0.0116016592688857,3.0499973213193865e-05,3.227422168413197e-05,2.6137279237492172e-05,4.5135976288008025e-05,1.2082511013427197e-05,5.721848730143522e-05,0.67779632721202,2.69474042398044e-05,3.669916082540145e-05,1.2797107937877008e-05,4.949626876327845e-05,0.7829716193656093,2.696236909459651e-05,4.086158876156015e-05,1.1638466079267494e-05,5.250005484082764e-05,0.8297161936560935,3.0903600418241695e-05,1.0195064623985674e-05,6.380211889336351e-05,5.3607054269377834e-05
0.0001,50,30,0.0298521030618389,0.0001523599506749,0.0001611533354808,0.0001287734373082,0.0002529866327785,3.236963091667915e-05,0.0002853562636952,0.4941569282136895,0.0001825970839208,0.0002268689322381,9.357621538370471e-05,0.0003204451476218,0.7362270450751253,0.0001733094317954,0.0002194933569285,8.21187347827924e-05,0.0003016120917113,0.7529215358931552,0.00018377357628196478,8.263559047918535e-05,0.00035090129313175545,0.0002682657026525701
0.0001,50,31,0.0190876288212603,4.0811388703099194e-05,4.310795386721411e-05,7.871196415355388e-05,0.0001482242391219,2.565638394584911e-05,0.0001738806230677,0.5676126878130217,7.024315388220556e-05,9.68059916741988e-05,3.591861340679904e-05,0.0001327246050809,0.7328881469115192,7.103720332746465e-05,9.472250952580156e-05,3.374054410223648e-05,0.000128463053628,0.7779632721202003,7.763183384668082e-05,2.91671039121866e-05,0.0001522085040051024,0.00012304140009291578
0.0001,50,29,0.0199121856660092,4.871639461490051e-05,5.144357768723957e-05,7.788317009423007e-05,0.0001254125289481,2.4676598220032876e-05,0.0001500891271682,0.5542570951585977,6.249103527058135e-05,9.560876606570823e-05,3.092379422534799e-05,0.000126532560291,0.7529215358931552,7.929151979788973e-05,0.0001625868266414,3.137876149797116e-05,0.0001939655881393,0.7345575959933222,8.327572140842676e-05,3.326198320792175e-05,0.0001636444565519923,0.00013038247334407055
0.0001,50,34,0.0256121594674305,7.194102022922699e-05,7.610464048354413e-05,0.0001449685704541,0.0002389335911302,6.860827652561087e-05,0.0003075418676558,0.6160267111853088,0.0001340518027456,0.0001872922472868,5.9007152157495e-05,0.0002462993994443,0.7429048414023373,0.0001204887799886,0.0001604440074464,5.5152222810708695e-05,0.0002155962302571,0.7562604340567612,0.00013821829634252936,5.8198520946461954e-05,0.0002701328136026858,0.00021193429265622385
0.0001,50,38,0.0311468683414346,0.0004764346847279,0.0005033658236547,0.0001917083462393,0.0002101771237662,9.731240781878758e-05,0.000307489531585,0.6126878130217028,0.0001766122290713,0.0002348743331017,8.734729004783195e-05,0.0003222216231495,0.7495826377295493,0.0001843514120784,0.0002600151209738,8.227461707265677e-05,0.0003422897380465,0.7762938230383973,0.00019733235239982605,8.232325290009612e-05,0.0003686606265546288,0.00028633737365453267
0.0001,50,32,0.0240381054513291,5.184503805388818e-05,5.4777977666963426e-05,0.0001050757424426,0.0001658314165633,3.9623615345435674e-05,0.0002054550319087,0.6126878130217028,0.00012076831766,0.0001683849714084,6.274832712726216e-05,0.0002311332985356,0.7412353923205343,0.0001123269538363,0.0001645818951263,5.570852243938423e-05,0.0002202904175657,0.7345575959933222,0.00012172810238553211,4.5448933178704465e-05,0.00024199449035222637,0.0001965455571735219
0.0001,50,37,0.0188747796994037,4.8322779168663565e-05,5.108951049803386e-05,6.399993369544997e-05,0.0001189593152599,1.826955152467922e-05,0.0001372288667845,0.5709515859766278,7.399848066378824e-05,0.0002437573027856,2.713408600014579e-05,0.0002708913887858,0.7378964941569283,7.095324524050372e-05,0.0001104665311999,2.876916025657128e-05,0.0001392356914565,0.7579298831385642,7.689428457524627e-05,2.6690540607887673e-05,0.00015754104497318623,0.00013085050436529856
0.0001,50,35,0.0230558833276388,8.706140205771984e-05,9.19197189480706e-05,9.653342705924404e-05,0.0001172996583449,4.446508496071434e-05,0.0001617647433057,0.5692821368948247,0.0001108041586805,0.0001566605658322,5.137041934941233e-05,0.0002080309851816,0.7562604340567612,9.908988806949264e-05,0.000142081432887,4.463258981074433e-05,0.0001867140226978,0.7378964941569283,0.00011032978363800794,4.623867562258968e-05,0.0002161071130103661,0.0001698684373877764
0.0001,50,33,0.0154160600527177,3.569411699433367e-05,3.7798136175389026e-05,4.840087620753533e-05,8.202862661064051e-05,1.9176126729080647e-05,0.0001012047533397,0.6160267111853088,4.646376930835796e-05,7.724373828959429e-05,1.4378595884110493e-05,9.162233417370478e-05,0.6994991652754591,4.231467757120439e-05,6.118172480648997e-05,1.979484422584564e-05,8.09765690323356e-05,0.7529215358931552,5.246850923867896e-05,1.9487840245346894e-05,0.0001034427143167702,8.395487407142332e-05
0.0001,50,36,0.0195150257136206,4.849082449093211e-05,5.1208455703100867e-05,5.5948964112748146e-05,0.0001126990347586,1.2046905439261908e-05,0.0001247459401979,0.4641068447412353,7.890336856292606e-05,0.0001303909334904,3.601256497718632e-05,0.0001664034984676,0.7312186978297162,6.934607079708993e-05,0.0001002878500795,2.56642652036757e-05,0.0001259521152832,0.7729549248747913,8.074969809968024e-05,3.013642281075592e-05,0.00015881990439083892,0.000128683481580083
0.0001,50,39,0.0166444230144528,2.9571086594792902e-05,3.127729025027254e-05,5.0555985149560215e-05,9.164433737419833e-05,1.1809150776497392e-05,0.0001034534881506,0.5575959933222037,5.461974872084557e-05,9.1495615741043e-05,2.112950865137311e-05,0.0001126251243924,0.7729549248747913,6.232191181664529e-05,0.0001315110201305,1.915374934445225e-05,0.0001506647694749,0.7662771285475793,6.09526177868247e-05,2.313479963049758e-05,0.00012176051695860217,9.862571732810459e-05
0.0001,100,0,0.0260858196562521,0.0002149921615071,0.0002272843039931,0.0001236062683663,0.0001548933878598,5.530922696374682e-05,0.0002102026148236,0.5308848080133556,0.0001239007430912,0.0001296013086876,7.031882318549226e-05,0.0001999201318731,0.6494156928213689,0.0001188024098714,0.0001471751400869,6.132981071114045e-05,0.0002085049507981,0.67779632721202,0.00014869666483718902,7.725670402578544e-05,0.00026322031771996963,0.00018596361369418418
0.0001,100,4,0.0270516712222147,0.0001246832277914,0.0001316382704062,0.0001288674255656,0.0001731819397491,5.70047935428978e-05,0.000230186733292,0.5709515859766278,0.0001338008614432,0.0001403543825556,7.009918424929926e-05,0.0002104535668049,0.6277128547579299,0.0001460077922573,0.0001620914739636,7.655566773333218e-05,0.0002386471416969,0.672787979966611,0.00015880870341788977,8.349464369530325e-05,0.00027020184425055024,0.00018670720055524698
0.0001,100,8,0.0272218071951639,0.0001724302527405,0.0001821264443245,0.0001350582612395,0.0001538033827823,5.628827220020756e-05,0.0002100916549825,0.5609348914858097,0.0001377047355434,0.0001512745148311,7.647953585484918e-05,0.0002277540506859,0.6928213689482471,0.0001298532904559,0.0001362353682087,6.574414761034017e-05,0.000201979515819,0.659432387312187,0.0001616151275811717,8.281845493911534e-05,0.0002780468850687611,0.00019522843012964578
0.0001,100,1,0.0271032887736495,9.848822839808592e-05,0.000104004247733,0.0001303498165373,0.000161716650651,4.7390448232649584e-05,0.0002091070988837,0.5308848080133556,0.0001420506715984,0.0001696877877613,8.059268557933903e-05,0.0002502804733406,0.6510851419031719,0.0001384189567515,0.000184212090163,5.931450832384412e-05,0.0002435265984868,0.6427378964941569,0.0001580608222866431,8.465258142678068e-05,0.0002758005299256183,0.0001911479484988376
0.0001,100,12,0.0294545564376391,0.0003469392043436,0.0003671618673298,0.0001742744584812,0.0001699633959589,0.0001004068530581,0.0002703702490171,0.5191986644407346,0.0001694470796963,0.0001630898830317,0.0001044760641693,0.000267565947201,0.657762938230384,0.0001623114887724,0.0001765147655059,9.141244033369852e-05,0.0002679272058396,0.66110183639399,0.00018780968093778938,9.511322823527735e-05,0.0003356040666403712,0.00024049083840509385
0.0001,100,9,0.0289892557204324,7.167402990898575e-05,7.569575206354811e-05,0.0001481805547345,0.0001782625382249,6.636014202858726e-05,0.0002446226802535,0.5692821368948247,0.0001558583086836,0.0001886485454542,8.71352155401235e-05,0.0002757837609943,0.6811352253756261,0.0001533967241137,0.0001640327016358,8.27510432016601e-05,0.0002467837448375,0.6427378964941569,0.0001804749044822529,9.034686081577092e-05,0.00030631891568191325,0.00021597205486614232
0.0001,100,3,0.0212225832890473,0.0001080897773069,0.0001142847285383,9.101366770990765e-05,0.0001172313548142,3.895723628891861e-05,0.0001561885911031,0.5075125208681135,8.57361297714731e-05,0.0001006223627228,4.564707686291463e-05,0.0001462694395857,0.654424040066778,8.68182980020735e-05,8.540092206435427e-05,4.77006297026135e-05,0.0001331015517669,0.674457429048414,0.00010193361958954483,5.056386617070531e-05,0.0001805378236895194,0.0001299739575188141
0.0001,100,6,0.0215955198711321,5.514628680552969e-05,5.8312880865762296e-05,9.643795224945e-05,9.157936866537172e-05,5.6097540655461165e-05,0.0001476769093208,0.5759599332220368,8.802007967351692e-05,0.0001095351529227,4.9915563961507145e-05,0.0001594507168842,0.666110183639399,8.799489602982018e-05,7.722600009346322e-05,5.149785151878473e-05,0.0001287238516122,0.674457429048414,0.00010520686191739514,5.2126599257462665e-05,0.00018609483522595837,0.0001339682359684957
0.0001,100,11,0.0208896018916654,6.41258336532835e-05,6.775506383499936e-05,8.221425874491454e-05,0.0001053291632192,4.410788827404661e-05,0.0001494370514933,0.5525876460767947,8.201000324339505e-05,9.08100117269434e-05,4.530971489709599e-05,0.000136119726624,0.6928213689482471,8.729841179924363e-05,0.0001013665340708,4.8349475801467427e-05,0.0001497160098723,0.6894824707846411,9.886569023365155e-05,4.968009334334057e-05,0.00017735029869072604,0.00012767020534738547
0.0001,100,2,0.0220007386055697,6.929156816326554e-05,7.327454863387584e-05,8.885667454164696e-05,0.0001253868554533,3.266481603393294e-05,0.0001580516714872,0.4908180300500834,0.0001046891559944,0.0001654825525906,5.3065142920273754e-05,0.0002185476955109,0.664440734557596,9.067155914614484e-05,8.729514520509893e-05,4.956836600493062e-05,0.00013686351121,0.7228714524207012,0.00010880491026910022,5.6684356513869724e-05,0.0001859087900811573,0.0001292244335672876
0.0001,100,10,0.0213858024088608,7.718882982327147e-05,8.15905784042919e-05,8.97500016631915e-05,9.463876910162426e-05,4.610467301363827e-05,0.0001407434421152,0.5091819699499165,8.980164698005769e-05,0.0001083351916067,5.021421530692204e-05,0.0001585494069136,0.6293823038397329,8.390287933180316e-05,0.000107612656678,3.9239404231829774e-05,0.0001468520609098,0.669449081803005,0.0001021729112835601,5.3352531358541456e-05,0.0001806799620680974,0.00012732743070955596
0.0001,100,7,0.0231852562616684,9.036820492852592e-05,9.54214576428384e-05,9.555076214125431e-05,0.0001634090930315,1.542698677059272e-05,0.0001788360798021,0.4941569282136895,0.0001011806784234,0.0001143128475244,5.4361847220828984e-05,0.0001686746947452,0.7111853088480802,0.0001056853699056,0.000112450761049,5.995920027604899e-05,0.0001724099613251,0.671118530884808,0.00012031258665956557,6.191828888404415e-05,0.00021334085358830633,0.00015142256470426218
0.0001,100,14,0.0213127782610759,9.467091019293994e-05,0.0001000312822446,8.744390679204912e-05,0.0001209391108256,3.631028864225742e-05,0.0001572493994678,0.5175292153589316,8.744008309563799e-05,0.0001033350570908,4.8484338748713655e-05,0.0001518193958396,0.6878130217028381,8.246381586179112e-05,0.0001054564529923,3.6253677232606955e-05,0.0001417101302249,0.6961602671118531,0.00010302883310941979,5.2583868546207694e-05,0.0001849632277298951,0.0001323793591836874
0.0001,100,21,0.0306582326392846,0.0002793522757331,0.0002954174547311,0.0001790727234503,0.0002240268294481,8.174891777217028e-05,0.0003057757472202,0.5575959933222037,0.0001712252538163,0.0001788631970729,9.908052129701546e-05,0.0002779437183699,0.6293823038397329,0.0001736470620289,0.0001659083158194,0.0001000126709376,0.0002659209867571,0.6143572621035058,0.00020077191584277898,0.0001057976252923254,0.00034975940143340263,0.00024396177614107725
0.001,10,0,0.0411741936906483,0.0002343322660441,0.0002510486639354,0.0003127555737895,0.0009208898316003,3.680153858781014e-05,0.0009576913701881,0.6160267111853088,0.0002854870674344,0.0006561080103594,6.307641477355696e-05,0.000719184425133,0.9098497495826378,0.0004097172284054,0.002261776081187,3.663805748346741e-05,0.0022984141386705,0.8180300500834724,0.0004346171335782856,7.584547420265154e-05,0.001306806350476108,0.0012309608762734565
0.001,10,1,0.0791723086251937,0.0009398121410429,0.0010037352129094,0.0010152863873322,0.0032921190679009,0.000103944683698,0.0033960637515989,0.6110183639398998,0.0008090163431802,0.0026285723112044,0.0001706299865349,0.0027992022977393,0.8647746243739566,0.000973129141337,0.0021211956401786,0.000223344994719,0.0023445406348976,0.8447412353923205,0.0014331771526485682,0.00026244585387757985,0.003788523178081954,0.003526077324204374
0.0001,100,5,0.0192550420831608,6.020927534117204e-05,6.361910046785034e-05,7.871703306508803e-05,9.559585866401692e-05,3.288627339100551e-05,0.000128482132055,0.5358931552587646,7.757246825686755e-05,0.0001730496265122,3.673601221719233e-05,0.0002097856387294,0.656093489148581,6.980027356182421e-05,8.48101968735266e-05,2.8909438801218015e-05,0.0001137196356747,0.664440734557596,8.659846207592636e-05,4.390155654618866e-05,0.0001567299008456757,0.00011282834429948704
0.001,10,2,0.0792338316429889,0.0006709580849132,0.0007204167647385,0.0009536196345268,0.0039028065207527,0.000148663027083,0.0040514695478358,0.5926544240400667,0.0013382812016212,0.0039975627472129,0.0002607684464745,0.0042583311936874,0.8514190317195326,0.0016375409035222,0.0044843599295914,0.0005700468154829,0.0050544067450744,0.8213689482470785,0.0014295711880549788,0.00028662095865001903,0.003958971984684466,0.003672351026034447
0.001,10,3,0.1129130943136683,0.0008603879692296,0.000920551417245,0.0018338861652785,0.0066828948158841,0.0003724681793547,0.0070553629952388,0.6193656093489148,0.0013413163198965,0.0027923104378977,0.0002914372338464,0.0030837476717442,0.8848080133555927,0.0023530157254916,0.0046588956420713,0.00054481930816,0.0052037149502313,0.8330550918196995,0.0028479755856096745,0.0005859271142981017,0.0074644241016358125,0.006878496987337711
0.0001,100,15,0.0193128352414416,3.9553186351848346e-05,4.17921624406056e-05,7.3830417592394e-05,0.0001020366178348,2.9820664414593444e-05,0.0001318572822494,0.5442404006677797,6.887792114152231e-05,7.202930805040152e-05,4.024020537811214e-05,0.0001122695134285,0.654424040066778,7.237102752882399e-05,0.0001050563415558,3.47488196197566e-05,0.0001398051611756,0.669449081803005,8.586831245338544e-05,4.428093770911801e-05,0.00015617952558386598,0.00011189858787474796
0.0001,100,23,0.0255139616669934,0.000121224462314,0.0001281826779674,0.000123696700637,0.0001387843497658,6.386279142825166e-05,0.0002026471411941,0.5726210350584308,0.0001279930362534,0.0001337183357025,7.476659661320138e-05,0.0002084849323157,0.6460767946577629,0.000122027187813,0.0001561274112193,6.429890775764687e-05,0.0002204263189769,0.6811352253756261,0.0001438954204786569,7.502729786210694e-05,0.00025987000481109135,0.0001848427069489844
0.0001,100,17,0.0215452546758208,4.9218239854986745e-05,5.2037467314131595e-05,8.776358381184908e-05,9.297367389855784e-05,4.066914306722126e-05,0.0001336428169657,0.5492487479131887,9.480878733500414e-05,0.0001172135709522,4.9795950206571385e-05,0.0001670095211587,0.66110183639399,9.89613328632943e-05,0.0001324370159158,5.176568544383562e-05,0.0001842027013596,0.6527545909849749,0.0001050372447934933,5.2642931041191336e-05,0.00018715645346674132,0.00013451352242554998
0.0001,100,18,0.022744344482698,6.734583573431152e-05,7.114921584870358e-05,0.0001023828267214,0.0001533112730542,4.926416591227767e-05,0.0002025754389665,0.5075125208681135,0.0001071742262026,0.0001242268726732,6.063919194374097e-05,0.000184866064617,0.6360601001669449,9.691709626010536e-05,9.863401954569233e-05,5.468102928596218e-05,0.0001533150488316,0.676126878130217,0.0001164256245829165,6.0393948660930616e-05,0.00020609137500287024,0.00014569742634193964
0.001,10,5,0.0979318884293195,0.0008702188109607,0.0009408571412095,0.0017842351110416,0.0054519585147774,0.0003688154778558,0.0058207739926332,0.6176961602671118,0.0013370547528041,0.0031141349157678,0.0002264477451814,0.0033405826609493,0.8547579298831386,0.0015444559110311,0.0044186997115849,0.0003269908535843,0.0047456905651693,0.8580968280467446,0.0021007193718105555,0.00045545449029305024,0.005375522095710038,0.0049200676054169876
0.001,10,4,0.0500228711110187,0.0007621333576632,0.000823548174034,0.0003250003670964,0.0012293461165019,2.605113420926484e-05,0.0012553972507112,0.5893155258764607,0.0004812287801822,0.0018148352854382,7.271058373109612e-05,0.0018875458691693,0.8697829716193656,0.0004189364460558,0.0010073618532171,6.793932109378404e-05,0.0010753011743109,0.8714524207011686,0.0006507195066660643,0.00011812798529717839,0.0018630357750225779,0.0017449077897253994
0.001,10,6,0.1032970344598681,0.0008541746961172,0.0009158043560916,0.0016272806196206,0.0047552989677508,0.0002556001230709,0.0050108990908218,0.6227045075125208,0.0015541182159537,0.0051472200195225,0.0002653642125788,0.0054125842321014,0.8464106844741235,0.0022008523946123,0.0046979195229441,0.0004810615325163,0.0051789810554604,0.8247078464106845,0.0023344906512647867,0.00052814274240518,0.006292955519165837,0.005764812776760657
0.0001,100,16,0.0204197553432618,5.358143260014714e-05,5.660690799081618e-05,7.859141575428796e-05,9.490118650785632e-05,2.8799908551116743e-05,0.0001237010950589,0.5475792988313857,7.854445047104337e-05,9.433429211752908e-05,3.7603809608419326e-05,0.0001319381017259,0.676126878130217,8.697721703614789e-05,9.270463392994411e-05,4.7357116619926675e-05,0.0001400617505498,0.671118530884808,9.441217844141647e-05,4.6869044945196946e-05,0.00017717376540531395,0.000130304720460117
0.001,10,8,0.0571796424911163,0.0004488730051934,0.0004840305767323,0.0004520616429554,0.0019089042000099,5.621618679980395e-05,0.0019651203868097,0.5325542570951586,0.0004497696110455,0.001155960128324,9.471225121728308e-05,0.0012506723795413,0.8848080133555927,0.0004223009330061,0.0010750009128261,8.862504471113613e-05,0.0011636259575373,0.8731218697829716,0.0008280898327939212,0.00016200471509364442,0.0023247304430697086,0.0021627257279760643
0.001,10,7,0.1011898895512689,0.0019615513555146,0.0021067539175318,0.0012697357810335,0.0037557195987718,7.411455933635734e-05,0.0038298341581082,0.5759599332220368,0.0010866875671616,0.0041365905157746,0.0001984706531081,0.0043350611688828,0.8898163606010017,0.0010986925277812,0.0031087785493538,0.0003342389179663,0.0034430174673201,0.8480801335559266,0.00222359923645854,0.00048154290197999233,0.005857410526368766,0.005375867624388774
0.001,10,9,0.0866930449540665,0.0013001701674167,0.0014011414894198,0.0009036247167133,0.0020887678915801,0.0001978115172494,0.0022865794088296,0.5776293823038398,0.001146411684041,0.0037344886398922,0.0002226580798623,0.0039571467197546,0.8864774624373957,0.0012632456049462,0.0024772679193932,0.0003683616081647,0.002845629527558,0.8397328881469115,0.0016453872667625546,0.0003693765997013547,0.004462483106181022,0.004093106506479667
0.001,10,11,0.1056382501491904,0.0040307628987135,0.0043311143384479,0.0025577439737542,0.0094458299465629,0.0003506841643821,0.0097965141109451,0.6410684474123539,0.0043394084627161,0.0205434705855506,0.0001786083007843,0.020722078886335,0.8580968280467446,0.0017912921043661,0.004892293878028,0.0003408077090607,0.0052331015870887,0.8180300500834724,0.0024203029461205006,0.000525863640359603,0.006440409563947461,0.005914545923587858
0.001,10,12,0.0820187628360105,0.0008673911663516,0.0009262792235164,0.0012425735619008,0.0030205920037087,0.0004113235504731,0.0034319155541819,0.6243739565943238,0.0010610586817999,0.0020573923170661,0.0002998958966878,0.0023572882137539,0.8731218697829716,0.0013905675732982,0.0031454515001816,0.0004470047918738,0.0035924562920555,0.8631051752921536,0.0015633113216608763,0.0003539798868587241,0.0042722516227513534,0.003918271735892629
0.001,10,15,0.0791844791671851,0.0010297834336301,0.0011016043317703,0.0011437542577396,0.0038079661398211,0.0002956833355466,0.0041036494753677,0.5676126878130217,0.0017972580713739,0.0081010147552396,0.0001227766542199,0.0082237914094595,0.8397328881469115,0.0010501626184721,0.0025499600519886,0.0001634111529592,0.0027133712049479,0.8330550918196995,0.0014700278406962752,0.00029534098794101773,0.004110266268253324,0.0038149252803123057
0.001,10,14,0.0802102999915548,0.0009196821826804,0.0009851355878792,0.0011574352067878,0.0031866537408806,0.0002617356798764,0.0034483894207571,0.662771285475793,0.000794327358006,0.0015922468839359,0.0001895131512363,0.0017817600351723,0.8914858096828047,0.0012934211675784,0.0022477917290682,0.0003738367285559,0.0026216284576241,0.8397328881469115,0.0014607126358896494,0.00031150881550274823,0.004043114988598972,0.003731606173096224
0.001,10,16,0.0710108360106421,0.000502446617118,0.0005403476803278,0.0004704092844741,0.0018629299214758,3.701602045972542e-05,0.0018999459419355,0.5525876460767947,0.0010729981897118,0.0027676961112132,0.0001794642513688,0.002947160362582,0.8631051752921536,0.0007153281085628,0.0029180203615763,3.2866400766873016e-05,0.0029508867623432,0.8480801335559266,0.0011703571071848273,0.00024309067957801745,0.003039880876895037,0.0027967901973170194
0.0001,100,22,0.0221532761692172,5.3723171827613214e-05,5.677687832490754e-05,9.750245042647305e-05,9.383995484471352e-05,5.4968302863526135e-05,0.0001488082577082,0.5592654424040067,8.878815185006253e-05,8.336771477515553e-05,5.337323898664127e-05,0.0001367409537617,0.679465776293823,9.821837318261364e-05,0.0001017004831744,5.442607295681068e-05,0.0001561265561312,0.6477462437395659,0.00011091141641372815,5.613793082375196e-05,0.00019308543123770504,0.00013694750041395306
0.0001,100,13,0.0181430402352014,5.008135970552274e-05,5.290091204245758e-05,6.280175699151045e-05,5.887781896132877e-05,3.7492381832622486e-05,9.637020079395124e-05,0.5292153589315526,6.656121436818907e-05,7.14895049768606e-05,3.951236954375395e-05,0.0001110018745206,0.67779632721202,6.45641768435001e-05,8.745587713613646e-05,3.430023775592905e-05,0.000121756114892,0.6844741235392321,7.572682079626247e-05,3.8166216108948e-05,0.00013787489042442757,9.970867431547957e-05
0.0001,100,19,0.0203302802559334,7.822099469689814e-05,8.261221330893707e-05,7.351158622453577e-05,8.936025112085738e-05,2.803607221116614e-05,0.000117396323332,0.5492487479131887,8.335762229959554e-05,9.380248966167668e-05,4.771008191499999e-05,0.0001415125715766,0.66110183639399,8.144728269072099e-05,0.0001030729406022,3.960448207943452e-05,0.0001426774226816,0.666110183639399,9.43310369621031e-05,5.022287523388514e-05,0.00016938815097091716,0.00011916527573703202
0.001,10,13,0.0668241933452438,0.0005204365451415,0.0005569429690853,0.0002544013023552,0.0013571511482421,1.540963653473474e-05,0.0013725607847768,0.4524207011686144,0.0007552028114419,0.0037235793837757,9.758170714626423e-05,0.0038211610909219,0.8397328881469115,0.0006517213904892,0.0017427515788273,9.793665715200868e-05,0.0018406882359793,0.8564273789649416,0.001058747060596943,0.00022591457272938,0.002997287537436932,0.002771372964707552
0.001,10,17,0.0664510466221749,0.0003449518726689,0.0003701576779328,0.0001843109339189,0.0005921333875689,2.0920642621337016e-05,0.0006130540301902,0.4607679465776294,0.0006002861857807,0.0020026545848148,0.0001303251907391,0.0021329797755539,0.8898163606010017,0.0007028983342435,0.0020023884194394,0.0001144229284575,0.0021168113478969,0.8497495826377296,0.0010617623338475823,0.00020411448676895818,0.0030501132714562105,0.0028459987846872524
0.001,10,21,0.0586169418008864,0.0004161238664154,0.0004448118995699,0.0006458786583,0.0025950036431333,3.818608836831608e-05,0.0026331897315016,0.5926544240400667,0.0003338052776177,0.000901907037565,5.332132178820982e-05,0.0009552283593532,0.8714524207011686,0.0007206164471342,0.0017983310669301,7.938053487305863e-05,0.0018777116018031,0.8647746243739566,0.0008468448068015277,0.00015876736069913024,0.002392825338756663,0.0022340579780575328
0.001,10,22,0.110175183907603,0.0010636730213949,0.0011370500306375,0.0019262111685654,0.004878042613075,0.0003403048764437,0.0052183474895188,0.654424040066778,0.0014988652084076,0.0045311786093466,0.0002106609779225,0.0047418395872691,0.8864774624373957,0.0017045449727877,0.0052252494525692,0.0002389283884191,0.0054641778409884,0.8297161936560935,0.002710944740101695,0.0005945792057900691,0.007052815856877709,0.0064582366510876395
0.001,10,18,0.0266788739868979,0.0001937574063997,0.0002084453991145,0.0001355743817042,0.0004149456445338,2.3791280374173148e-05,0.000438736924908,0.664440734557596,0.000194270704932,0.0009747048618201,2.745720168605433e-05,0.0010021620635061,0.8731218697829716,0.0001174562193225,0.0003657730352827,2.19059760821351e-05,0.0003876790113648,0.8914858096828047,0.00020291664986871183,3.351722989464179e-05,0.0006628769813687539,0.0006293597514741121
0.001,10,10,0.026732165016551,0.0001398244300541,0.000152437878247,7.138349582950586e-05,0.0003539378242321,1.1676928364899429e-05,0.000365614752597,0.5025041736227045,0.0001413959092894,0.0004441896944791,2.5126748360196467e-05,0.0004693164428393,0.8814691151919867,0.0001370321317114,0.0004318691548464,2.0930105755127553e-05,0.0004527992606016,0.8631051752921536,0.00020982048590667546,3.399987908778715e-05,0.0006177013827254993,0.0005837015036377122
0.001,10,19,0.0541284783855992,0.0003246563282229,0.000348354490897,0.0003926039933863,0.0014237241230853,2.4760680210744735e-05,0.0014484848032961,0.5025041736227045,0.0004897778936965,0.0017411823614708,6.987311365323943e-05,0.0018110554751241,0.8647746243739566,0.0004633598169203,0.0010420475719079,6.845009874941888e-05,0.0011104976706573,0.8447412353923205,0.000708039035089314,0.0001391051533573773,0.0019764042634051286,0.0018372991100477514
0.001,10,24,0.1220497627485261,0.0068503594893882,0.0073518674086224,0.001941453457528,0.0053503009561485,0.0002808969965113,0.0056311979526598,0.5108514190317195,0.0031014947599415,0.0129167931960312,0.0004990458053748,0.0134158390014061,0.8814691151919867,0.0027500037216858,0.0049937086387941,0.0007984477638563,0.0057921564026505,0.8297161936560935,0.0032444505486637354,0.0007527842404670086,0.00810649648774415,0.007353712247277142
0.001,10,25,0.1270162832700708,0.0014435387169547,0.0015548435534878,0.0014750040120969,0.0042527753705546,0.0002412433377259,0.0044940187082805,0.5776293823038398,0.0022313749130538,0.0060237861034328,0.0006509449511338,0.0066747310545666,0.8848080133555927,0.0026144366414871,0.0056401997650815,0.0006530127628652,0.0062932125279467,0.8313856427378965,0.0033787370193749666,0.0007649717605090702,0.008272615564055737,0.007507643803546666
0.001,10,27,0.0781709416547259,0.000956588900954,0.0010265332021546,0.0009461546263952,0.0028847568621226,0.0001661988170917,0.0030509556792143,0.6227045075125208,0.0009611521182879,0.0024790485919029,0.0002045484307344,0.0026835970226374,0.8831385642737897,0.0007555491055848,0.0016214297848828,0.0001045210810305,0.0017259508659133,0.8697829716193656,0.0013640591641888022,0.0002771445106191096,0.0036343142739497093,0.0033571697633306
0.001,10,20,0.045049157867862,0.0003295458453321,0.0003532614235705,0.0001572875289096,0.000578913926312,3.341325639666752e-05,0.0006123271827087,0.4323873121869783,0.0003852026834533,0.000959774896529,0.0001000089786981,0.0010597838752271,0.8697829716193656,0.0003338228112837,0.0008599486224437,7.645559585497323e-05,0.0009364042182987,0.8664440734557596,0.0005307117244228721,8.257641202362722e-05,0.0016458005586173351,0.0015632241465937079
0.001,10,29,0.0982461703186621,0.0026878426218737,0.0028858793976843,0.0019716386028032,0.0090003252800222,0.0001628911963349,0.0091632164763572,0.6460767946577629,0.0010474080271651,0.0025697758968157,0.0002627850384006,0.0028325609352164,0.8747913188647746,0.0015171473197641,0.0031447359907342,0.0003698396891195,0.0035145756798538,0.8747913188647746,0.0021686290856450796,0.000456630981352646,0.005557417299132792,0.0051007863177801455
0.0001,100,24,0.0207945364671345,0.0001280901934291,0.0001355299419204,8.209221226552864e-05,9.495886937607593e-05,4.319168356178136e-05,0.0001381505529378,0.5258764607679466,8.37139459343902e-05,9.307962674894984e-05,5.1256278370734834e-05,0.0001443359051196,0.6894824707846411,8.647026289360623e-05,9.638869002610612e-05,4.5931479260470046e-05,0.0001423201692865,0.679465776293823,9.863809100352228e-05,4.989701410522685e-05,0.00017115973423642553,0.00012126272013119868
0.001,10,26,0.0421209463283437,0.0007904166958048,0.0008512874395988,0.0002338688135415,0.0004813296324942,2.7527449459496452e-05,0.0005088570819537,0.667779632721202,0.0002337739702252,0.0007772972881512,2.1255484122435044e-05,0.0007985527722737,0.8747913188647746,0.0002758016784234,0.0005671175437444,4.946655064854234e-05,0.0006165840943929,0.8697829716193656,0.00045417004730552435,7.742327088635655e-05,0.0013634468283271399,0.0012860235574407833
0.0001,100,29,0.0216826498840689,5.6936179092803574e-05,6.0203891959121634e-05,9.507852059972938e-05,8.99671882708029e-05,5.5941984741630705e-05,0.0001459091730124,0.5141903171953256,8.90199076706087e-05,9.26319861946325e-05,4.6066742319277576e-05,0.0001386987285139,0.669449081803005,9.025413057046292e-05,9.894914565825814e-05,4.632533157660198e-05,0.0001452744772348,0.669449081803005,0.0001053267260431312,5.30709742633917e-05,0.0001870497628260636,0.0001339787885626719
0.001,10,28,0.0667068321248706,0.0004253707353238,0.000455964131692,0.000900602177582,0.0031100346313556,2.6854834670063677e-05,0.0031368894660257,0.6310517529215359,0.0006832841529106,0.0023324861691167,0.000160983452008,0.0024934696211248,0.8564273789649416,0.0006523434983111,0.0017215838555596,2.08442281797582e-05,0.0017424280837394,0.8497495826377296,0.0010584902483969927,0.00017871191412268674,0.003024910134263334,0.0028461982201406473
0.001,10,31,0.0928502373614317,0.0015141667302774,0.0016276735887646,0.0009951031476951,0.0037682419089993,6.539491488194518e-05,0.0038336368238812,0.5692821368948247,0.0015398048153895,0.0075285288178068,8.993216816054455e-05,0.0076184609859674,0.8464106844741235,0.001311804013766,0.0027779398048032,0.000215928350041,0.0029938681548442,0.8347245409015025,0.0019430086249485612,0.00044473560992628345,0.005210909771267322,0.004766174161341039
0.001,10,23,0.064821556483539,0.0004186018750135,0.0004489388037667,0.0002466681419758,0.0008363251665929,1.7039117375912792e-05,0.0008533642839688,0.2737896494156928,0.0006766307677157,0.0025746483368916,0.0001519800387019,0.0027266283755936,0.8764607679465777,0.000748673850016,0.0018071421616607,0.000164665868255,0.0019718080299157,0.8580968280467446,0.0009852532530203462,0.0001836618012021064,0.002594997151754793,0.002411335350552687
0.001,10,32,0.0674117582521084,0.0003914650208691,0.000419776177321,0.0008602165511979,0.0022957987328103,0.0001312696412127,0.002427068374023,0.6076794657762938,0.0006838508730366,0.0016282552159199,0.0001208565258329,0.0017491117417528,0.8631051752921536,0.0008684412175046,0.0018839292596307,0.0002536971479804,0.0021376264076111,0.8330550918196995,0.0010742169106379151,0.0002059956605080517,0.0029575906053651096,0.002751594944857058
0.001,10,30,0.0353760175711373,0.0013200154464953,0.0014341899006819,0.0002447505163062,0.0006695490388143,5.132041359595099e-05,0.0007208694524103,0.6377295492487479,0.0002453637492877,0.0006689057386487,4.6051637781089155e-05,0.0007149573764298,0.8731218697829716,0.0001481354749665,0.0004319891380109,1.5996241474757566e-05,0.0004479853794857,0.8814691151919867,0.00033764756517484784,5.672709658028909e-05,0.0010189549619099118,0.0009622278653296227
0.001,10,36,0.0882972805207079,0.000658233727576,0.0007050685546561,0.0013884438497683,0.0038454361401327,0.0001569220583346,0.0040023581984674,0.6327212020033389,0.0007797452846346,0.0024522160991749,0.0001438186693544,0.0025960347685294,0.8247078464106845,0.0014174197474331,0.0046692492470607,0.0001847511684947,0.0048540004155555,0.8530884808013356,0.0017682426841929555,0.0003608653925766704,0.004700419586151838,0.004339554193575168
0.001,10,38,0.0629366792862544,0.0008537920602053,0.0009177920183807,0.0006905604123587,0.0016104768733721,4.074001134278672e-05,0.0016512168847148,0.5742904841402338,0.0005519820989923,0.0015264599093301,5.582751125757106e-05,0.0015822874205877,0.8564273789649416,0.0007024937422554,0.0017787499639878,0.0001435453085693,0.0019222952725572,0.8414023372287145,0.0009562515770085156,0.00017146021600638052,0.0026783822395373136,0.0025069220235309332
0.001,10,33,0.0508919647516919,0.0002597870777765,0.0002787579713978,0.000465106763256,0.0012666201374177,2.6145463741670188e-05,0.0012927656011594,0.5859766277128547,0.0004686850703626,0.0021923338932093,6.944000242954616e-05,0.0022617738956389,0.8864774624373957,0.0004163753523017,0.0010197047414314,8.083410872536356e-05,0.0011005388501567,0.8714524207011686,0.000669446715619415,0.0001305103345657699,0.0019051147857680915,0.0017746044512023215
0.001,10,37,0.0772402966317913,0.0006793923067245,0.0007288707141835,0.0007169179994921,0.0017926547591228,0.0002093132453584,0.0020019680044813,0.6293823038397329,0.0010064562158956,0.0031328560421598,0.0001640879142488,0.0032969439564087,0.8981636060100167,0.0013322815908868,0.0028893539786311,0.0003282020718569,0.003217556050488,0.8180300500834724,0.001393135986290872,0.00024949444486992443,0.003915426274761551,0.003665931829891626
0.001,10,35,0.0518479480585563,0.0007076292662878,0.0007608152220167,0.000417783439939,0.0009855067805376,5.1456443329935395e-05,0.0010369632238675,0.6343906510851419,0.0004903761299674,0.0016933983161235,4.969652365978424e-05,0.0017430948397833,0.8597662771285476,0.0004139099072467,0.0013094172016452,8.595340175373885e-05,0.001395370603399,0.8614357262103506,0.000652118818834424,0.00011749921886803354,0.001820726771256886,0.0017032275523888524
0.001,10,34,0.0547219756225533,0.0006105924130709,0.0006576557478802,0.0002655215876432,0.0010814143843956,2.347290829314537e-05,0.0011048872926888,0.4474123539232053,0.0004000409398863,0.0010409522670867,7.573893304726147e-05,0.001116691200134,0.8631051752921536,0.0004831841607836,0.0013740144094029,7.2253912500299e-05,0.0014462683219032,0.8480801335559266,0.0007287782500497997,0.00013284445049066565,0.002078773529501631,0.0019459290790109652
0.001,10,39,0.0484360955567744,0.0003275499872931,0.0003519896129199,0.0003584828515473,0.0012262166142175,2.0769276857630385e-05,0.0012469858910751,0.5542570951585977,0.0003575009864091,0.0017325284849508,4.198240339750389e-05,0.0017745108883483,0.8647746243739566,0.0003805827697037,0.0009565656928877,0.0001051541270137,0.0010617198199015,0.8781302170283807,0.0006153213325887918,0.00011569549951673262,0.001820679262164046,0.0017049837626473135
0.0001,100,25,0.0232363880704952,7.683410172915073e-05,8.120882002032278e-05,9.298514355943118e-05,0.0001181547741836,3.829118852280904e-05,0.0001564459627064,0.5175292153589316,0.0001083208917153,0.0001335099145997,5.5202871073435155e-05,0.0001887127856731,0.666110183639399,0.0001009985356356,0.00012895852938,4.691143510078644e-05,0.0001758699644807,0.6844741235392321,0.00011932951747439802,6.082716427044944e-05,0.0002204587104642995,0.00015963154619385005
0.0001,100,26,0.0221561500233638,4.765583776655813e-05,5.037650208435159e-05,9.514538077017318e-05,0.0001316412827173,4.615792455057772e-05,0.0001777992072678,0.5342237061769616,9.91702993975302e-05,0.0001167126976116,4.775864158559139e-05,0.0001644713391972,0.6811352253756261,9.84289094973838e-05,0.000145461090997,3.868849118997809e-05,0.000184149582187,0.671118530884808,0.00011177051055710763,5.5655692813161294e-05,0.00019722416582226273,0.00014156847300910143
0.0001,100,27,0.0230256403926115,9.806707629950172e-05,0.0001036514396977,9.379090580300532e-05,0.0001250519846266,2.7008994962496317e-05,0.0001520609795891,0.5191986644407346,9.519496300616606e-05,9.3627772472083e-05,5.260864602658074e-05,0.0001462364184986,0.662771285475793,9.891479525781084e-05,0.0001052892487912,5.730238307542614e-05,0.0001625916318667,0.6844741235392321,0.00011884375271620229,6.120891293903698e-05,0.00021488095553650049,0.00015367204259746352
0.001,50,7,0.0675653166697714,0.0007779533394012,0.0008364726573929,0.0007808223323005,0.0010470427162068,0.0003941024522259,0.0014411451684328,0.5742904841402338,0.0008396510289733,0.0013522384755309,0.0003287908489422,0.0016810293244731,0.7863105175292153,0.0008023139884345,0.0011057721186132,0.000412770149171,0.0015185422677843,0.6961602671118531,0.0008862449903972447,0.0004289822485588957,0.0015552844299236304,0.0011263021813647347
0.001,50,1,0.1007024255339495,0.0013172058755052,0.001417107924358,0.0018882979107618,0.0026611324566444,0.0008138620699428,0.0034749945265873,0.5275459098497496,0.0019124849484638,0.0023577630880226,0.0008335038708377,0.0031912669588603,0.7495826377295493,0.0019687656294517,0.0017842406765717,0.0011204941557461,0.0029047348323179,0.66110183639399,0.0019676268566399813,0.0010393212345661596,0.0033329990983475,0.0022936778637813403
0.0001,100,20,0.0151698747401666,3.4891740177123154e-05,3.6917800476704174e-05,4.5729176223318465e-05,5.6260070742437766e-05,1.9214966390514835e-05,7.54750371329526e-05,0.5342237061769616,4.7682175160371886e-05,5.017297309802432e-05,2.6761988833206035e-05,7.693496193123035e-05,0.672787979966611,4.391581212267599e-05,4.1669473709910095e-05,2.682246101388314e-05,6.849193472379323e-05,0.67779632721202,5.480238905875012e-05,2.7574730256674237e-05,0.00010004589057643896,7.247116031976472e-05
0.001,50,2,0.0759050575285427,0.0020271110690045,0.0021781278093135,0.0011486356450993,0.0013200914497374,0.0006318025442008,0.0019518939939383,0.5759599332220368,0.0010184441449572,0.0015065215716126,0.0004820551486597,0.0019885767202724,0.7612687813021702,0.0010191828381598,0.001430176037176,0.0005014402337474,0.0019316162709235,0.6994991652754591,0.0011088349856436253,0.0005664336931658909,0.00195914483629167,0.001392711143125779
0.001,50,0,0.0820394165887549,0.0008382647555194,0.0008993349077789,0.0011868496182101,0.0013909236619452,0.0005841873787186,0.0019751110406639,0.5692821368948247,0.001225141117331,0.0020404174817327,0.0005183923712558,0.0025588098529885,0.7729549248747913,0.0012060487887984,0.0012599329887324,0.0006532733248426,0.001913206313575,0.676126878130217,0.0013064795639365911,0.000675342811155133,0.0022732855926733465,0.0015979427815182136
0.001,50,3,0.0860191573282386,0.0011416853415243,0.0012285624735131,0.0014540699103952,0.0021846003546588,0.0006605920217418,0.0028451923764006,0.5709515859766278,0.001519578539827,0.002683429136405,0.0006345702897602,0.0033179994261653,0.7512520868113522,0.0014278102389739,0.0016480305407345,0.0006370778470991,0.0022851083878336,0.7028380634390651,0.001437546219676733,0.0007452652076608502,0.0024494584300555266,0.0017041932223946766
0.001,50,8,0.0637919082491769,0.0007436798041282,0.0008013349621855,0.0006945370186322,0.0009306999522785,0.0002926724552033,0.0012233724074819,0.5826377295492488,0.0007982400737653,0.0011795675961989,0.0003080455655757,0.0014876131617747,0.7529215358931552,0.0008065779316553,0.0007856407052674,0.0004244209528556,0.0012100616581231,0.6978297161936561,0.0007857078453525901,0.00038992801055428574,0.0014124269306194028,0.0010224989200651171
0.001,50,4,0.0695083510023953,0.0004955851055701,0.0005314947090034,0.0007688767971661,0.0010204912856487,0.0003252351917716,0.0013457264774204,0.5876460767946577,0.000851132378529,0.0014083417154218,0.0002698905203304,0.0016782322357523,0.7145242070116862,0.0009250099975865,0.0008775542079637,0.0005508214483381,0.0014283756563018,0.7128547579298832,0.0009465022012591362,0.0004550158650090455,0.0017047605069819838,0.0012497446419729382
0.001,50,6,0.0694324963787907,0.0007708790546666,0.0008288723297713,0.0009261491996299,0.0016034648691929,0.0003247672501403,0.0019282321193332,0.5358931552587646,0.0007697019383354,0.0010786095042529,0.0003392912246574,0.0014179007289103,0.7161936560934892,0.0008370232216525,0.0010125101314746,0.0003933392751793,0.0014058494066539,0.6393989983305509,0.0009392386418767273,0.00046076476501184517,0.0016917817731155057,0.0012310170081036606
0.001,50,5,0.0647231875008585,0.0006980381991603,0.0007503142171687,0.0007543131943844,0.0010928068523487,0.0003076791272833,0.0014004859796321,0.5375626043405676,0.0008163650110193,0.002225544567747,0.0003302648280214,0.0025558093957685,0.7479131886477463,0.0006965560724803,0.0008616123653184,0.0003046104273713,0.0011662227926897,0.6894824707846411,0.0008125952444970608,0.0004065286120749079,0.0014437014964642,0.001037172884389292
0.001,50,10,0.078894228831474,0.0015820454688652,0.001699604928246,0.0011010703380358,0.0017303013570791,0.0002405095172097,0.0019708108742888,0.5559265442404007,0.001005269142515,0.0015987567814502,0.0004582962515896,0.0020570530330399,0.7462437395659433,0.001205371753674,0.0014963200150681,0.0006249754978138,0.002121295512882,0.6961602671118531,0.0011983249569311738,0.0006165441809571348,0.0021025211783125986,0.0014859769973554638
0.0001,100,28,0.024492704912267,0.0001121970699384,0.000118595982162,0.0001088657203521,0.0001118675496783,5.705717725037742e-05,0.0001689247269287,0.5442404006677797,0.0001112331471303,0.0001242500828032,5.836879729161718e-05,0.0001826188800949,0.669449081803005,0.0001157215952017,0.0001334614674585,7.116747252104686e-05,0.0002046289399796,0.6944908180300501,0.00013442646013572812,7.000159275776241e-05,0.00023588334406667854,0.00016588175130891611
0.001,50,11,0.0796038499629403,0.0006752683187594,0.0007242440498257,0.0010887246919567,0.0013491467247858,0.0004398746414836,0.0017890213662695,0.5442404006677797,0.0011208117359978,0.0015956198099737,0.0005147339124223,0.002110353722396,0.7429048414023373,0.0013894681359592,0.0021171313608168,0.000680966662148,0.0027980980229649,0.659432387312187,0.0012330476893112063,0.0006519748305436225,0.0020936829154379662,0.0014417080848943436
0.001,50,9,0.0644425421616332,0.0006463314296784,0.0006947180870012,0.0008295136071492,0.0010747426135016,0.0003304087052783,0.0014051513187799,0.5409015025041736,0.0007729443515083,0.0011837329184947,0.0003224882766459,0.0015062211951406,0.7562604340567612,0.0007167246749564,0.0009863481782823,0.0003031033457138,0.0012894515239961,0.6961602671118531,0.0008068749448284507,0.00041123492701444775,0.001450178661616517,0.0010389437346020693
0.0001,100,30,0.0254456297037297,8.423043943900366e-05,8.902349610111484e-05,0.0001126117656782,0.0001356131113729,4.355536416756064e-05,0.0001791684755404,0.5308848080133556,0.0001266984650977,0.0001248370227729,7.353845354470868e-05,0.0001983754763176,0.674457429048414,0.0001263622550218,0.0001385359207629,6.62467834545518e-05,0.0002047827042175,0.67779632721202,0.00014166272012516856,7.400358717859492e-05,0.0002432318033243063,0.00016922821614571138
0.001,50,12,0.0733423824261185,0.0005743010010328,0.0006175760777566,0.0010079466058884,0.0012938802760358,0.0003274973028015,0.0016213775788373,0.5742904841402338,0.001009554789128,0.0014187008700529,0.0004623199778411,0.001881020847894,0.6944908180300501,0.0010414775507192,0.0012254820939848,0.0005295812843982,0.0017550633783831,0.6894824707846411,0.0010365147609263659,0.0005173137265956031,0.0018402952468022703,0.0013229815202066672
0.0001,100,31,0.0186941358240153,3.53624127117369e-05,3.7319075099854354e-05,7.474682431131343e-05,9.5026689903428e-05,2.9161972694898447e-05,0.0001241886625983,0.5692821368948247,6.615608762002294e-05,6.733687497304745e-05,3.7811203018442465e-05,0.0001051480779914,0.671118530884808,6.746464392671436e-05,7.911006213229998e-05,3.232768132665259e-05,0.0001114377434589,0.7195325542570952,8.08685363153927e-05,4.0768682265479586e-05,0.00014362955771503034,0.00010286087544955076
0.001,50,16,0.0943715179757044,0.0009856674766726,0.0010570798186397,0.0016497239754092,0.0025332654946102,0.0005908374196736,0.0031241029142838,0.5509181969949917,0.0015626929454331,0.0027528879273454,0.0005766990874171,0.0033295870147626,0.7612687813021702,0.0017225383902897,0.0023131268774183,0.0009053162979326,0.003218443175351,0.679465776293823,0.0017325890948995948,0.0009104989672778176,0.002916500938590615,0.002006001971312798
0.001,50,15,0.0764993929233731,0.0010300169677204,0.0011052758588037,0.0009221239061978,0.0012659079933061,0.0003362261933213,0.0016021341866274,0.5008347245409015,0.0010581015987062,0.0014884325967786,0.0005155213781825,0.0020039539749612,0.7545909849749582,0.0010287961490979,0.0013926429647392,0.0003572932414861,0.0017499362062253,0.679465776293823,0.0011333023430779576,0.0005685303069185466,0.0020087312848772847,0.001440200977958738
0.001,50,13,0.060305539792816,0.0007076475925519,0.0007610782884003,0.0007739953788717,0.001233356951136,0.0003436239008342,0.0015769808519703,0.5492487479131887,0.0006834513650801,0.0010932654652729,0.0002916083057744,0.0013848737710473,0.7378964941569283,0.000645038457859,0.0008362309672063,0.000329778754986,0.0011660097221924,0.7262103505843072,0.0007036230526864529,0.00034121701173717156,0.001248465388198383,0.0009072483764612114
0.0001,100,35,0.0269184526163871,0.0001799992385444,0.0001901721535103,0.0001358046240165,0.0001425320490263,7.465643722417247e-05,0.0002171884862505,0.5542570951585977,0.000130004347702,0.0001332688405705,7.144152576987512e-05,0.0002047103663403,0.6427378964941569,0.0001290881173625,0.0001322998972028,6.96529587030364e-05,0.0002019528559059,0.6811352253756261,0.00015690420696046203,7.94683954154607e-05,0.00027025992021663094,0.00019079152480117024
0.001,50,21,0.0774597185673689,0.0020359392257676,0.0021851355683885,0.0011182554259371,0.0014745132103507,0.0005623976790475,0.0020369108893983,0.5275459098497496,0.0011053867977609,0.0015826530203645,0.0005188289187045,0.002101481939069,0.7796327212020033,0.0011173284735863,0.0014463944139575,0.0005557834699863,0.0020021778839438,0.6978297161936561,0.001158410799689591,0.0005631295745843093,0.002061237499583512,0.001498107924999203
0.0001,100,33,0.0227322095789682,7.331586664621748e-05,7.744430501146529e-05,0.0001046192624299,0.0001256618536165,4.946374539363053e-05,0.0001751255990101,0.5225375626043406,0.0001050360662746,0.0001232326981781,6.31499601254586e-05,0.0001863826583036,0.657762938230384,9.780839704754352e-05,0.0001107220895409,5.633506209358131e-05,0.0001670571516344,0.657762938230384,0.00011654187983367592,5.879673017261667e-05,0.00020201930092298424,0.00014322257075036757
0.001,50,14,0.0794077649498291,0.0009583035699833,0.0010323960726412,0.0010795744490257,0.0014665765596485,0.0005354452524763,0.0020020218121248,0.5342237061769616,0.0011618002363462,0.0019107058392703,0.0004889415730907,0.0023996474123611,0.7545909849749582,0.0011401487868088,0.0013775503642957,0.0005302811201353,0.0019078314844311,0.6944908180300501,0.0012292597675696015,0.0006400909580406733,0.002159242850029841,0.0015191518919891675
0.001,50,23,0.0644025890453977,0.0007638028086814,0.0008217822147988,0.0007523257113183,0.0007454896966484,0.0004082760603354,0.0011537657569838,0.5342237061769616,0.0008129460057013,0.0012613859805595,0.0003163717395446,0.0015777577201042,0.7195325542570952,0.0007515912418898,0.0008484973985362,0.0004426165095082,0.0012911139080445,0.6844741235392321,0.0008119107806123793,0.00037345264281611894,0.0014464190870057785,0.0010729664441896595
0.0001,100,32,0.0213286137277666,4.758262950532721e-05,5.027053357682753e-05,8.489589584461833e-05,0.0001025674289102,4.1773450157825046e-05,0.000144340879068,0.5409015025041736,8.865687990982684e-05,0.0001037762139126,4.54554200982087e-05,0.0001492316340108,0.6527545909849749,9.120807717191984e-05,0.0001101681209721,4.3634588300628017e-05,0.0001538027092727,0.6878130217028381,0.00010350398224545643,5.2429141669563256e-05,0.00018640295929799313,0.00013397381762842987
0.0001,100,38,0.0263024499086103,0.0001165900526899,0.0001231788907892,0.0001257466124716,0.0001374412912245,5.9249707295263646e-05,0.0001966909985198,0.5375626043405676,0.0001294798375406,0.0001622417627428,6.601001078470623e-05,0.0002282517735275,0.672787979966611,0.0001268565448438,0.0001517030159038,6.497942934590657e-05,0.0002166824452498,0.6444073455759599,0.00015124220226425678,8.024561102502049e-05,0.000265851412405027,0.00018560580138000653
0.001,50,22,0.0611521483833416,0.0004474918682048,0.0004806809498716,0.0006929158849699,0.0009012772604292,0.0003039953743915,0.0012052726348207,0.5609348914858097,0.0007564792652505,0.0012798046917967,0.0002551828845072,0.001534987576304,0.7362270450751253,0.0006950872222467,0.0008787069365356,0.0003174997122771,0.0011962066488127,0.6978297161936561,0.0007222071872092783,0.00035043124007643226,0.00126981119683478,0.0009193799567583478
0.001,50,19,0.083560863533475,0.0011315669857377,0.0012169689573629,0.0012224996108234,0.0015146655330303,0.0006300436551901,0.0021447091882205,0.5776293823038398,0.0011427849102751,0.0015609438583959,0.0004873193327354,0.0020482631911314,0.7345575959933222,0.0012748051866584,0.0012197122231979,0.0007864457055184,0.0020061579287163,0.6894824707846411,0.0013261068379506469,0.0006860924797365442,0.002247758640442041,0.0015616661607054966
0.001,50,17,0.0624013767856452,0.0011623884978821,0.001252438986691,0.0005862308630494,0.0008551828116479,0.0002555830874116,0.0011107658990596,0.5876460767946577,0.0006192961521445,0.0009996028470878,0.0002801662808094,0.0012797691278972,0.7362270450751253,0.0006401728862679,0.0008376332129004,0.000249337830085,0.0010869710429855,0.672787979966611,0.0007588808075524867,0.00037961132620694126,0.0013785851071588693,0.0009989737809519281
0.001,50,18,0.0693528282300652,0.0006701875862586,0.0007202213080553,0.0008505509815703,0.0011405449777417,0.000408421173542,0.0015489661512838,0.6126878130217028,0.0008565752496771,0.0010746334677817,0.0003924211098973,0.001467054577679,0.7679465776293823,0.0009071573452623,0.0011280803251559,0.0004795186993388,0.0016075990244948,0.6928213689482471,0.0009351135813631117,0.00045018235759926035,0.0016919360088650131,0.0012417536512657527
0.001,50,34,0.0899218823749024,0.0013979967449985,0.001504785374377,0.0015987938919397,0.001913391994611,0.0008458734242311,0.0027592654188422,0.5575959933222037,0.0013278029051233,0.0019520940886034,0.0005199789140387,0.0024720730026422,0.7378964941569283,0.0014173402490963,0.0017370659885168,0.0006658583851321,0.002402924373649,0.6878130217028381,0.0015645292587578297,0.0007930697582196446,0.002696852944791317,0.0019037831865716722
0.001,50,20,0.0702294976939419,0.0008221242713418,0.0008838928423975,0.0008938806743307,0.0012042345118756,0.0003876337007962,0.0015918682126718,0.6026711185308848,0.0008491617989134,0.0012851497636784,0.0003440056285006,0.001629155392179,0.7429048414023373,0.0008772743609804,0.0012671433421572,0.0004284184985327,0.00169556184069,0.7195325542570952,0.0009611538844183087,0.00048257245944114405,0.0016975236532744016,0.0012149511938332575
0.0001,100,37,0.0230456136045618,8.662209127469067e-05,9.154977565801896e-05,9.420835635146096e-05,0.0001503481152589,3.431372056221735e-05,0.0001846618358211,0.5375626043405676,9.75848567841956e-05,9.389127859231951e-05,5.552079496214513e-05,0.0001494120735544,0.666110183639399,0.000107435450528,0.0001088927544163,6.023561814252915e-05,0.0001691283725588,0.669449081803005,0.00011687076039379463,6.19133312284248e-05,0.00020889615661872081,0.00014698282539029602
0.001,50,25,0.0772164479016669,0.0007412396556027,0.0007952643041041,0.0010294617589746,0.0011656704042119,0.0005382244494662,0.0017038948536782,0.5475792988313857,0.0010337924403855,0.0015489453336428,0.0004462540202434,0.0019951993538863,0.7579298831385642,0.0011350455540322,0.0011018930733518,0.0006656020334689,0.0017674951068207,0.662771285475793,0.0011480416869744658,0.0006043880348443054,0.0020131757250055663,0.001408787690161261
0.0001,100,36,0.0209938883116341,5.9069268334766e-05,6.24112571211864e-05,8.331240516531385e-05,0.0001042257345656,3.727421904315942e-05,0.0001414999536087,0.5275459098497496,8.297923129321718e-05,8.759986830537174e-05,4.483496760414263e-05,0.0001324348359095,0.669449081803005,8.248273932662575e-05,0.00010144214301,4.5771635926197754e-05,0.0001472137789362,0.6978297161936561,0.00010006928641814739,5.087864765300765e-05,0.00017475934619142204,0.00012388069853841438
0.0001,100,34,0.0199242778273814,4.39190828225855e-05,4.641247627993742e-05,7.742926068815304e-05,0.0001024130507118,2.8474269570166515e-05,0.000130887320282,0.5642737896494157,7.819220339785256e-05,8.562610955076518e-05,4.377541679513496e-05,0.0001294015263459,0.659432387312187,7.41911245685776e-05,9.405100608404212e-05,3.4328978896686984e-05,0.0001283799849807,0.6861435726210351,9.06530040083453e-05,4.507163366724854e-05,0.00015528093681496102,0.00011020930314771247
0.001,50,28,0.0946699756699483,0.0033776705472695,0.0036384212329403,0.0015481818345279,0.0017734552719472,0.0007662752215551,0.0025397304935023,0.5626043405676127,0.0016223570373032,0.0021140830181264,0.0007066538325712,0.0028207368506976,0.7362270450751253,0.0017153793034945,0.0019937190888352,0.0009229815081904,0.0029167005970256,0.659432387312187,0.0017479091184213758,0.000905391162086744,0.0030265802401117977,0.0021211890780250538
0.001,50,24,0.0772063366657757,0.0009532931783914,0.0010253335048379,0.0010870326292561,0.0016793416612253,0.0004379348858158,0.0021172765470411,0.5909849749582637,0.0010340918418337,0.0021074100134399,0.0004317429642496,0.0025391529776895,0.7195325542570952,0.0010634211518254,0.001356368234415,0.0004706551713008,0.0018270234057158,0.6811352253756261,0.0011495125945657492,0.0005779922867077405,0.0019966976949945077,0.0014187054082867672
0.001,50,31,0.0940150800059562,0.0012699835640616,0.0013628641093602,0.0016548827526355,0.0024456877913676,0.0004405728181164,0.002886260609484,0.5191986644407346,0.0016771650056524,0.0026609837524512,0.0007410867320554,0.0034020704845067,0.7429048414023373,0.0016475177534682,0.0016354550086525,0.0008749250799462,0.0025103800885987,0.6844741235392321,0.001725165406242013,0.0009279323960072361,0.002957300667185335,0.0020293682711780992
0.001,50,27,0.0835788576083623,0.0010715117472251,0.001150953887312,0.0012535463331245,0.0015975096873776,0.0006695657777145,0.0022670754650922,0.5692821368948247,0.0012099806511922,0.0020587093147665,0.0004638020152189,0.0025225113299855,0.7245409015025042,0.0012674358131134,0.0013380803609974,0.000703187949893,0.0020412683108904,0.6828046744574291,0.0013473618309944868,0.0006862716923933479,0.0023282982234377413,0.0016420265310443933
0.001,50,29,0.0763210951526814,0.0010448675721816,0.0011215391497478,0.0010968963216613,0.001145381380319,0.0006178613558296,0.0017632427361487,0.5492487479131887,0.0010862563905238,0.0016032561323652,0.0004766088277114,0.0020798649600767,0.7462437395659433,0.0010802651114582,0.001292651218467,0.0005696366347415,0.0018622878532086,0.6811352253756261,0.0011278495658189058,0.0005778224556706845,0.0019723681267350907,0.0013945456710644062
0.001,50,32,0.0777667732664603,0.0022852975541228,0.0024556017366049,0.0010828433478303,0.001757705367863,0.0004805309342019,0.002238236302065,0.5409015025041736,0.0010381707850555,0.0015833982298623,0.0004967478142535,0.0020801460441158,0.7378964941569283,0.0012178075608067,0.0014307529442107,0.0006080134041079,0.0020387663483187,0.672787979966611,0.0011717990273609757,0.0005783775792224333,0.002064703236101194,0.0014863256568787607
0.001,50,26,0.0645388680865404,0.0005603986765089,0.0006027332737383,0.0007835403271941,0.0009438250907929,0.0003730001620469,0.0013168252528398,0.5943238731218697,0.0007590784427743,0.001403021156594,0.0002897507446854,0.0016927719012795,0.7562604340567612,0.0007321085443464,0.0010061994755141,0.000307679286373,0.0013138787618872,0.679465776293823,0.0008179519791156054,0.0004098985285963864,0.0014500697201583529,0.0010401711915619665
0.001,50,30,0.0649943164601589,0.0007870336985045,0.0008473571007155,0.0007471760649063,0.0015488890300071,0.0002104033597887,0.0017592923897958,0.5342237061769616,0.0008866771637185,0.0014133834201913,0.0003772823808823,0.0017906658010737,0.7495826377295493,0.0007584412332672,0.0008368936970016,0.0004392734876325,0.0012761671846342,0.6978297161936561,0.0008223485783673823,0.00040974326984724054,0.0015053168783197178,0.0010955736084724771
0.001,50,33,0.0661043126723141,0.0006065921523485,0.0006516381426295,0.0008568157497419,0.002259838710444,0.0003609218238174,0.0026207605342614,0.6277128547579299,0.0008091586480689,0.0016051873128677,0.0003082606831889,0.0019134479960566,0.7562604340567612,0.0008801708440347,0.0011219674116447,0.0004762926594086,0.0015982600710533,0.667779632721202,0.000848596275318414,0.0004204186479910277,0.001519993765396065,0.0010995751174050373
0.001,50,37,0.1015755035681139,0.001486827394221,0.0015976039814493,0.0016804736649781,0.001884721158718,0.0008915118597871,0.0027762330185051,0.5742904841402338,0.0018715162549034,0.0027482119854401,0.0008496902393508,0.0035979022247909,0.7612687813021702,0.0019246025752291,0.0020357025601176,0.0010695685801137,0.0031052711402314,0.7078464106844741,0.001994691789150238,0.0010337586863897743,0.0033829792402684665,0.002349220553878692
0.001,50,35,0.0768865767458638,0.0010906589946586,0.0011726059344531,0.0010074761755925,0.0009640367564276,0.0005773860358403,0.001541422792268,0.6143572621035058,0.000979849449107,0.0015997469148586,0.0003939670699521,0.0019937139848108,0.7629382303839732,0.0010888764438097,0.0015806325045934,0.0004748683080488,0.0020555008126422,0.7095158597662772,0.001142554683610797,0.0005711570440325888,0.0020492982468567787,0.0014781412028241898
0.0001,100,39,0.0193865669637775,4.9068958330067414e-05,5.189630656974882e-05,7.04742200853258e-05,7.052196320005391e-05,4.123141455045295e-05,0.0001117533777505,0.5141903171953256,7.348283986229887e-05,8.218386405326913e-05,4.210838282343148e-05,0.0001242922468767,0.659432387312187,7.754274677655441e-05,8.615007898040896e-05,4.290181462945877e-05,0.0001290518936098,0.6811352253756261,8.49621428642422e-05,4.260124414940948e-05,0.0001497357348853255,0.00010713449073591601
0.001,50,36,0.0723316216324127,0.0008903197095287,0.0009581022424427,0.0009517354240351,0.0012411263905746,0.0004870928210436,0.0017282192116183,0.5709515859766278,0.0009374091063522,0.0012956171956752,0.0004763041548765,0.0017719213505517,0.7512520868113522,0.0009436905722051,0.0011501612498291,0.0004664659170272,0.0016166271668564,0.6944908180300501,0.0010163342813029885,0.0004979457022272983,0.0018254069378599517,0.0013274612356326534
0.001,50,38,0.0810098455072834,0.0008162530929314,0.0008762058730889,0.0011071725608951,0.0014465459701618,0.0003812622581376,0.0018278082282995,0.5025041736227045,0.0012662552802946,0.0023500047667312,0.0005878088665889,0.0029378136333201,0.7529215358931552,0.0011859595737665,0.0011037523235749,0.0006897330766664,0.0017934854002413,0.6911519198664441,0.0012602799106389284,0.0006408335597370752,0.0021969713154248883,0.001556137755687813
0.001,50,39,0.0479198224335991,0.0003875051934411,0.0004168381087148,0.0003716103638219,0.0004920634368769,0.0001653729291442,0.0006574363660211,0.5893155258764607,0.0004383648281297,0.000575090201055,0.0002114938978867,0.0007865840989417,0.7161936560934892,0.0004438935356797,0.0006460991220025,0.0001963981690572,0.0008424972910597,0.6944908180300501,0.0004422224301379174,0.00020283410522097258,0.0008345049922354507,0.0006316708870144781
0.001,100,1,0.0772767358470336,0.0012884917535651,0.0013859527389652,0.0010938312195068,0.0009523896140858,0.000671367516542,0.0016237571306279,0.4841402337228714,0.0011482265489932,0.0015748059827328,0.0005207797008349,0.0020955856835678,0.6828046744574291,0.0010994294661576,0.0008555925812007,0.0007037539455105,0.0015593465267113,0.5959933222036727,0.0011597266420722008,0.0006718175223795697,0.0018953697464894497,0.00122355222410988
0.001,100,7,0.0696763931574686,0.001507519599338,0.0016202146260483,0.0008767922578854,0.0007206812061266,0.0005925651959867,0.0013132464021134,0.4657762938230384,0.0008970088000284,0.0009038414022331,0.0005441619762953,0.0014480033785284,0.676126878130217,0.0009042827482065,0.0007605431306845,0.0005680637654009,0.0013286068960855,0.5592654424040067,0.0009661642834544182,0.0005485388261149638,0.0015399299911223352,0.0009913911650073714
0.001,100,17,0.0769437357032131,0.0023742343888014,0.0025520464977486,0.0011008017586789,0.0008572213690051,0.0007418949300935,0.0015991162990987,0.4540901502504174,0.0010630699870626,0.0011753900078769,0.0005973463766907,0.0017727363845677,0.657762938230384,0.0010259131155584,0.0010044572153844,0.0006087176979132,0.0016131749132977,0.5976627712854758,0.0011700050672516227,0.0006750273489160464,0.0019120993238175275,0.0012370719749014811
0.001,100,16,0.0731488958283536,0.0015956206112139,0.0017122777047355,0.0010002702471962,0.0009076309259878,0.0005715263334044,0.0014791572593923,0.4991652754590985,0.0010252178331545,0.0013662518514389,0.0004612451792233,0.0018274970306622,0.674457429048414,0.0010187679384929,0.0012713278806466,0.0005852933024678,0.0018566211831145,0.5843071786310517,0.0010603201808407903,0.0006177586721605622,0.0016520897421287368,0.0010343310699681746
0.001,100,0,0.0717903847440622,0.0015861385071155,0.0017025448841528,0.0008929526883935,0.0007746125936261,0.0004880659842502,0.0012626785778764,0.5225375626043406,0.0010118136552735,0.0013479844073719,0.0004724546610371,0.0018204390684091,0.654424040066778,0.0009058419647774,0.000926571459436,0.0005196206315808,0.0014461920910168,0.6126878130217028,0.0010265681194141507,0.0005870635737664998,0.0016487043729284771,0.0010616407991619775
0.001,100,4,0.0808050482364591,0.0008442855032225,0.0009049342708808,0.001194304689464,0.0011738596810207,0.0007507296151338,0.0019245892961545,0.5308848080133556,0.0011970965175982,0.0014263969475327,0.000691866072837,0.0021182630203697,0.7128547579298832,0.0011877180967221,0.0010235622399766,0.0007567627408651,0.0017803249808418,0.5893155258764607,0.001285386853851378,0.0007538036647019909,0.002038028842071071,0.0012842251773690803
0.001,100,2,0.0861428699708633,0.0016186934758584,0.0017399017696636,0.0013950555524743,0.0015936594457527,0.000878953660814,0.0024726131065667,0.5025041736227045,0.001497253639332,0.0014836500671263,0.0009491185435835,0.0024327686107098,0.664440734557596,0.0013868095394772,0.0010520774343823,0.000936361226428,0.0019884386608104,0.5776293823038398,0.0014419173821806908,0.0008327989489771427,0.00232533735106699,0.0014925384020898474
0.001,100,3,0.0689131302570199,0.0007381939849905,0.000793438613204,0.0009175357263424,0.000882330528753,0.0005355799804433,0.0014179105091963,0.5275459098497496,0.0008676944725367,0.0010157812932652,0.0004877146403894,0.0015034959336546,0.676126878130217,0.0008797304168617,0.0007843832026113,0.000540795212043,0.0013251784146544,0.6026711185308848,0.0009311698959209025,0.0005473302473546938,0.001478682880406268,0.0009313526330515741
0.001,100,6,0.0794465688129974,0.000964631965463,0.0010366138727299,0.0011467770829319,0.0010238625359876,0.0006888308321266,0.0017126933681142,0.5125208681135225,0.0012680888843747,0.0018228985347353,0.0005512875979978,0.0023741861327331,0.669449081803005,0.0011751339197114,0.0009698632666859,0.0007563609043463,0.0017262241710323,0.5859766277128547,0.0012363679707050323,0.0007079889051965439,0.001993764884537086,0.0012857759793405419
0.001,100,5,0.0714341210063364,0.0012884061987067,0.0013840838658563,0.0009872551621743,0.0013179736924913,0.0006166067941012,0.0019345804865926,0.4707846410684474,0.0009949074410083,0.0012798633273681,0.0005307726022384,0.0018106359296065,0.662771285475793,0.0009279594555203,0.0008123364296527,0.0005464712364685,0.0013588076661213,0.5692821368948247,0.001017060480080545,0.0005706339768948965,0.0015977184404619026,0.0010270844635670061
0.001,100,18,0.0612874879343339,0.0006010294817394,0.0006456184100662,0.0006749560645805,0.0006461100955692,0.0003881595426275,0.0010342696381967,0.4908180300500834,0.0006862011722988,0.000921890689972,0.0003469241817168,0.0012688148716888,0.662771285475793,0.0006347116868808,0.0005977588916293,0.0003768666036928,0.0009746254953221,0.6043405676126878,0.0007469413103535771,0.0004228374491503929,0.0012270487030036747,0.0008042112538532818
0.001,100,15,0.0754759367448837,0.0011017748634641,0.0011843156677329,0.0010789318711715,0.00110307106782,0.0006307134471495,0.0017337845149695,0.4858096828046744,0.0011252795832974,0.0016921573996212,0.0005546083262248,0.002246765725846,0.676126878130217,0.0010330237079215,0.0008537300121299,0.0006252112105029,0.0014789412226329,0.5909849749582637,0.0011154263047501445,0.0006419173267204315,0.001798453638912177,0.0011565363121917457
0.001,100,14,0.0812229673042023,0.0010595914658977,0.001137038544171,0.0012438229342093,0.0011773892103101,0.0007265598131809,0.0019039490234911,0.4924874791318864,0.0012846581834624,0.0014971145581756,0.0006589551756361,0.0021560697338118,0.7178631051752922,0.0012898562576398,0.0010655375040748,0.0008382823004936,0.0019038198045684,0.6160267111853088,0.0012860572896897793,0.0007734813261777164,0.002061269391560927,0.0012877880653832108
0.001,100,9,0.0714166379365022,0.000808860616845,0.0008695716326741,0.0009415393419541,0.0009288128347093,0.0005428801167125,0.0014716929514219,0.5008347245409015,0.0008838006561279,0.0009465466352306,0.0005093753263762,0.0014559219616068,0.662771285475793,0.000978379773837,0.0009399421539116,0.0005846258945828,0.0015245680484945,0.5659432387312187,0.0010090263094753027,0.0005839408942847514,0.0016162859537871546,0.001032345059502403
0.001,100,8,0.0715433945650596,0.0007612632974142,0.0008176498570086,0.0009428433713549,0.0009257713524058,0.0005601724258608,0.0014859437782667,0.5191986644407346,0.0010036944906518,0.0010681068669492,0.0005402047317248,0.001608311598674,0.6510851419031719,0.0009522921542243,0.0009203432968917,0.0005505682398614,0.0014709115367531,0.6460767946577629,0.0010102400556206703,0.0005767246868344956,0.0016471871116664248,0.0010704624248319293
0.001,100,11,0.0730608834541179,0.0008015464041812,0.0008604529591408,0.0009989807930089,0.0010012124997624,0.0005845766657079,0.0015857891654704,0.5058430717863105,0.0010242757144473,0.0012580972514966,0.0005291931263547,0.0017872903778514,0.6243739565943238,0.0010306666395348,0.0009511637386651,0.0006170030888271,0.0015681668274923,0.5726210350584308,0.0010421773185953498,0.0005932824875344523,0.001683980837697163,0.0010906983501627106
0.001,100,10,0.073148180145657,0.0007588178604576,0.0008157479455676,0.0009246060261044,0.0010175125884005,0.0004002224960781,0.0014177350844787,0.4307178631051753,0.0009915107425571,0.0011009475847719,0.0005151380143559,0.0016160855991279,0.6894824707846411,0.0010227533209343,0.0007827941585646,0.0006397316355569,0.0014225257941215,0.6043405676126878,0.0010481912177056074,0.0006141116638900713,0.0017009973118547342,0.001086885647964663
0.001,100,12,0.0662447578773128,0.0004615497160977,0.0004957406869682,0.0008478149575383,0.0008671662716109,0.0004498076683739,0.0013169739399849,0.5492487479131887,0.0008027470171771,0.00076153676399,0.0004446548928621,0.0012061916568521,0.67779632721202,0.0008179948459184,0.0007532486181446,0.0005003907401478,0.0012536393582925,0.6243739565943238,0.0008726427331566811,0.0004949523688992486,0.0014039329980732873,0.0009089806291740387
0.001,100,13,0.0681386504031744,0.0006828622172178,0.0007334623753414,0.0008461104611313,0.0010237088067838,0.0003984058214626,0.0014221146282464,0.5108514190317195,0.000852935835972,0.000928206259486,0.0004979474855759,0.0014261537450619,0.666110183639399,0.0008328030504043,0.0006970771349188,0.0005095420476992,0.0012066191826181,0.5909849749582637,0.0009165082592517138,0.0005433934857137501,0.0014818938972894083,0.0009385004115756582
0.001,100,19,0.0749951148623359,0.0010968669737654,0.0011783456763285,0.0010729186215022,0.0009450689403402,0.0005955673536187,0.001540636293959,0.5292153589315526,0.001079346978551,0.0012505165400002,0.0005604304504481,0.0018109469904484,0.6828046744574291,0.0010163614788825,0.0010131369348829,0.0005769610749045,0.0015900980097874,0.6026711185308848,0.0011167099000886083,0.0006473225657828152,0.0018682331457966935,0.0012209105800138783
0.01,10,1,0.293173448240056,0.0181681448724277,0.0200271477793131,0.0140130911486246,0.0219159415656854,0.004821205920862,0.0267371474865474,0.6978297161936561,0.008846046130476,0.0210384910210437,0.0015085583000306,0.0225470493210744,0.9098497495826378,0.0145900201982463,0.0241970766102834,0.0039310011966667,0.0281280778069501,0.8948247078464107,0.01617998443543911,0.005545612541027367,0.03083014134317636,0.025284528802148994
0.01,10,0,0.209852808742173,0.0047442493359026,0.0052342933228739,0.0068766149399125,0.0140718449430598,0.001160549706328,0.0152323946493878,0.6277128547579299,0.0054538047338334,0.016959431111349,0.0004975038507535,0.0174569349621026,0.8731218697829716,0.0076863810196668,0.0185110457426818,0.0015696792355607,0.0200807249782426,0.8230383973288815,0.009197513572871685,0.0025100076512899255,0.022095816256478423,0.019585808605188496
0.001,100,22,0.0815764275460181,0.0014481613932415,0.0015542861761775,0.001178458788636,0.001101533137524,0.0006948608073538,0.0017963939448779,0.5041736227045075,0.0012829757939598,0.001535282147287,0.0007451358731342,0.0022804180204213,0.6911519198664441,0.0012557472655032,0.0011303554631607,0.0008077409289351,0.0019380963920958,0.5776293823038398,0.0013055972522124648,0.0007709169716690669,0.0020882084849290546,0.0013172915132599878
0.01,10,2,0.2261650650861851,0.0066017118936519,0.0072856216964292,0.0055032798824363,0.0175208728487068,0.0005755886759005,0.0180964615246074,0.5976627712854758,0.0049048942951447,0.013770062987725,0.0007243603200093,0.0144944233077343,0.8731218697829716,0.0094475477125743,0.0207142932100317,0.0019147712082067,0.0226290644182384,0.8347245409015025,0.010563384741544724,0.0030017801676876853,0.02507664933800695,0.022074869170319263
0.01,10,4,0.2775718379031339,0.0106776538606263,0.0118018155645449,0.0091431329976668,0.0291016754387381,0.00028756831839,0.0293892437571281,0.5275459098497496,0.0110323620981339,0.0267510894057822,0.0020770296932559,0.0288281190990382,0.9115191986644408,0.0141698508940325,0.0230797323073937,0.0050250192757654,0.0281047515831592,0.8697829716193656,0.014844922348856926,0.004698182025458667,0.030506244022399185,0.025808061996940516
0.01,10,3,0.2198021098244486,0.0034233824228777,0.0037850297250256,0.0069860750915855,0.0265696456591623,0.0004238072523693,0.0269934529115317,0.5943238731218697,0.0056015377131519,0.0186301538021498,0.0008633849530795,0.0194935387552293,0.9048414023372288,0.0105639021565679,0.0234005020711673,0.0024147106568811,0.0258152127280484,0.8230383973288815,0.01001831516623497,0.0027354905381798754,0.023139930656179777,0.0204044401179999
0.01,10,6,0.2164065414947832,0.0063417934193714,0.007022739263218,0.0102361026553289,0.023533300443593,0.0022534847773239,0.025786785220917,0.6360601001669449,0.0090101722085098,0.0270008569801909,0.0010527320372302,0.0280535890174212,0.9098497495826378,0.0087834218023946,0.0207893156623937,0.0015626208137825,0.0223519364761763,0.8180300500834724,0.009748700074851513,0.002708631881978363,0.02237810916267333,0.019669477280694965
0.01,10,12,0.2936994869311886,0.0165222622227603,0.0182567141178433,0.0136778271477569,0.0243553858208181,0.0042492518238489,0.028604637644667,0.7078464106844741,0.0120118224162218,0.0250609412406664,0.0026667110760846,0.027727652316751,0.9198664440734556,0.0144202038235379,0.0244091990673509,0.0039628269444245,0.0283720260117754,0.8764607679465777,0.016138650476932526,0.004875367355998606,0.03165008733049034,0.026774719974491733
0.001,100,21,0.0743794859400688,0.0009257929433562,0.0009938171126925,0.000994434882215,0.0007524867752726,0.0006512223604107,0.0014037091356833,0.5141903171953256,0.0010384769586749,0.0013653350225941,0.0005407581699952,0.0019060931925893,0.671118530884808,0.0010523554052757,0.0012914876121018,0.0006455102674846,0.0019369978795864,0.5726210350584308,0.0010977766942232847,0.0006352860713377596,0.0017541447799885636,0.001118858708650804
0.01,10,5,0.2705137496000786,0.0112892566454023,0.0125237534032534,0.0094463408954316,0.0229000490440265,0.0015467744685265,0.024446823512553,0.4908180300500834,0.0086134606691844,0.0200187166451878,0.0017181930024013,0.0217369096475891,0.9248747913188649,0.0155560941093286,0.0247293665136422,0.0040298061071716,0.0287591726208138,0.8998330550918197,0.01420136820524931,0.004378913366235793,0.0293778330553323,0.024998919689096507
0.01,10,8,0.3160720472695777,0.0162518008812406,0.0179978378262499,0.0126151420718526,0.0277698085411065,0.000888359874233,0.0286581684153396,0.6110183639398998,0.0121164965897483,0.0279673849807234,0.0023265405477089,0.0302939255284323,0.9415692821368948,0.0193382178868884,0.0219255146951795,0.0084004363308188,0.0303259510259983,0.8714524207011686,0.017742576077580452,0.005922753841150552,0.032691979315131896,0.026769225473981344
0.01,10,9,0.2265111229772106,0.0229382812558159,0.0254912569701997,0.0093211847428629,0.0225863747873309,0.0023692130966273,0.0249555878839583,0.6477462437395659,0.0050926291985212,0.0171775758198273,0.0008675185823119,0.0180450944021393,0.8614357262103506,0.0090854469607104,0.0169463324574797,0.0025764305479604,0.0195227630054401,0.8430717863105175,0.01052351389080286,0.002805674390401691,0.024247849080711592,0.0214421746903099
0.01,10,11,0.3442059450816606,0.0223808409046876,0.024772019809722,0.0150879859300511,0.0261216591856084,0.0036373713843628,0.0297590305699713,0.6160267111853088,0.0130918520263882,0.0276043870866424,0.0025174775095196,0.030121864596162,0.9081803005008348,0.0202748266151509,0.0229934166758276,0.0079531369949947,0.0309465536708223,0.7762938230383973,0.019725456833839417,0.0073250243789516395,0.03357000099495053,0.026244976615998887
0.001,100,23,0.0734831613603448,0.0008477698284162,0.0009103665549171,0.001015823067261,0.0010961488327794,0.0005599406870501,0.0016560895198296,0.5409015025041736,0.0010795168960394,0.0014874870704876,0.0005079935314333,0.0019954806019209,0.7028380634390651,0.0009629893452493,0.0008871672567947,0.00057925527439,0.0014664225311848,0.5726210350584308,0.0010654809884727001,0.0006231413353816606,0.0017445270786993206,0.00112138574331766
0.01,10,7,0.154762679169614,0.0073363875470955,0.0081154787966512,0.0025726652714409,0.007009157205044,0.0002124954636164,0.0072216526686605,0.5626043405676127,0.0038401249209139,0.0110422732146526,0.0004731620637761,0.0115154352784288,0.8747913188647746,0.004753654456954,0.0090963376206532,0.0015201056942395,0.0106164433148928,0.8013355592654424,0.005075358785688877,0.0012730273592751475,0.012313240929506707,0.01104021357023156
0.01,10,10,0.1919759659333847,0.0066347645006478,0.0072796783708687,0.0051182882058521,0.0134310932675088,0.0007269203566423,0.0141580136241512,0.6460767946577629,0.0048616063542085,0.0222174024236849,0.0007585515569748,0.0229759539806598,0.8848080133555927,0.0083986486028118,0.0215603562617767,0.0021630538082986,0.0237234100700753,0.8280467445742905,0.0076508973725140095,0.002272952039493248,0.018345285207033137,0.01607233316753989
0.01,10,13,0.2880750368656187,0.0129438525048065,0.014234849988965,0.0141261960477513,0.0237071841981063,0.0043924387465032,0.0280996229446096,0.664440734557596,0.0110775926680936,0.0241504855612898,0.0024714099446908,0.0266218955059807,0.9115191986644408,0.0142066245899964,0.0227967329131301,0.0044829257720425,0.0272796586851726,0.8614357262103506,0.01567685976624489,0.004876879183575513,0.030912552773952474,0.02603567359037696
0.01,10,17,0.277930555687005,0.0096217615572441,0.0106013754108266,0.011389349683311,0.0258311159606842,0.0024892771789493,0.0283203931396336,0.6961602671118531,0.0100292996401173,0.0246179900749473,0.0020846051212528,0.0267025951962001,0.9198664440734556,0.0135405869358634,0.0235739107212963,0.0036264857181647,0.027200396439461,0.8664440734557596,0.01476612500846386,0.004615246574394406,0.030288854846730825,0.025673608272336418
0.01,10,14,0.2388911748152363,0.0095562771580092,0.0105246836087709,0.012005377134633,0.0225105915133344,0.0047523667032694,0.0272629582166039,0.6861435726210351,0.0059696182952563,0.0190563454055396,0.0011197508820958,0.0201760962876354,0.8998330550918197,0.0111651598228502,0.0203719804841137,0.0029563048369737,0.0233282853210875,0.8614357262103506,0.011630676686763763,0.0033122166933026173,0.026598671590909354,0.023286454897606737
0.01,10,15,0.1416007462355567,0.004484970487573,0.0049355114770246,0.0035379560566799,0.0075620968079355,0.0012476574578743,0.0088097542658098,0.6460767946577629,0.0018244671442934,0.0049534515129952,0.0001569620891021,0.0051104136020973,0.8864774624373957,0.0023324084973319,0.0068077948055693,7.300853172412796e-05,0.0068808033372934,0.8146911519198664,0.004341510124504566,0.0011983440199401232,0.010311259236186714,0.009112915216246591
0.01,10,18,0.2770228968816096,0.0076430468627317,0.0083480632257977,0.0136531536794581,0.0233622061018879,0.0041676492828916,0.0275298553847795,0.7145242070116862,0.0118784601247353,0.0276816366994789,0.0018664640212413,0.0295481007207202,0.9181969949916527,0.0151413373166371,0.026031444746299,0.0032435972265169,0.0292750419728159,0.8864774624373957,0.015042975544929504,0.00478916713036597,0.030226996634155484,0.025437829503789512
0.01,10,19,0.2064252848288508,0.0089777786911581,0.0099244725888541,0.0064618174550731,0.0146269824192383,0.0018601127861505,0.0164870952053888,0.659432387312187,0.0082015851885217,0.0227199806215799,0.0009159104592471,0.0236358910808271,0.8981636060100167,0.0079624816188137,0.0133401500150406,0.0028992343116649,0.0162393843267055,0.8297161936560935,0.008972090668976307,0.002447591692907736,0.02108045103959738,0.018632859346689644
0.01,10,16,0.2173683647192961,0.0077421771408436,0.0085366059922821,0.0075054721479797,0.0171965275168813,0.001206962646321,0.0184034901632024,0.6444073455759599,0.00992423594443,0.0248709895277289,0.0018095462553671,0.026680535783096,0.8714524207011686,0.0080624289588817,0.0162644950991979,0.002251175327251,0.0185156704264489,0.8430717863105175,0.009766193106770515,0.0024162058020010604,0.022698601940646768,0.020282396138645707
0.01,10,20,0.2391644738473329,0.0135603801223861,0.0149093978827792,0.0102748359422829,0.0190003303202652,0.0028641293122224,0.0218644596324877,0.6243739565943238,0.0073184736961342,0.0233711714254869,0.0010677487126258,0.0244389201381127,0.8848080133555927,0.0106773452395636,0.0237015446786458,0.0035304299566992,0.027231974635345,0.8464106844741235,0.011668338440358639,0.003607490833383054,0.0261360218282789,0.022528530994895844
0.001,100,29,0.065340822403776,0.0007287298860599,0.0007828175877458,0.0007771541004711,0.0008001070249519,0.0004087897400463,0.0012088967649982,0.5158597662771286,0.0007900280937812,0.0008363849104987,0.0003619617667057,0.0011983466772045,0.6393989983305509,0.0007814916217794,0.0007364202461742,0.0004461609130106,0.0011825811591848,0.5909849749582637,0.0008464748971164227,0.0004899973209830932,0.0013831287855282403,0.0008931314645451471
0.01,10,25,0.2963070646592888,0.013398759501071,0.0149214819373441,0.0140477531859818,0.0255549296874234,0.0040588088403797,0.0296137385278032,0.5859766277128547,0.0090114113161058,0.02663115520659,0.0019598651771507,0.0285910203837408,0.8981636060100167,0.0172134512608266,0.0238005449739198,0.0065413080714555,0.0303418530453754,0.8781302170283807,0.01619962602853775,0.005298011191189289,0.03114107474684715,0.025843063555657863
0.01,10,23,0.2548515079320091,0.0152523774328972,0.0168591215124482,0.0107772504918756,0.0233005127135213,0.0021054154151787,0.0254059281287001,0.6928213689482471,0.0099114496844588,0.0251530204851288,0.0019703481482464,0.0271233686333753,0.9081803005008348,0.014239721655947,0.0256979654174771,0.0038509567522974,0.0295489221697746,0.8497495826377296,0.012788676656782627,0.0039315853384323425,0.02794922892935573,0.02401764359092339
0.01,10,27,0.2885148342614528,0.0253921912235764,0.0280359108195636,0.012097824092341,0.0236339502644014,0.0024685272599632,0.0261024775243646,0.6861435726210351,0.0147250077330315,0.0277612798986731,0.0027316117842687,0.0304928916829419,0.9131886477462438,0.0158698991184426,0.0243911590948726,0.004635955943676,0.0290271150385486,0.8881469115191987,0.01568419672548771,0.0051910461741499605,0.031127473665401317,0.025936427491251357
0.01,10,22,0.215642563247578,0.006108530805221,0.0067272221813897,0.0059668876646204,0.0122468083702211,0.0006899698362371,0.0129367782064582,0.6076794657762938,0.0054180598568541,0.0165531741813806,0.000724020305575,0.0172771944869556,0.9031719532554258,0.0090753226003852,0.0219361516540606,0.002021925056681,0.0239580767107416,0.8414023372287145,0.009638986550271511,0.0028439933084882796,0.02237619659863411,0.01953220329014583
0.01,10,28,0.1794209426194478,0.0054048694541201,0.0059631751124162,0.0053563486487746,0.0138703480382388,0.0007780257964222,0.0146483738346611,0.5959933222036727,0.0032728121521775,0.0088557217072535,0.001004309114758,0.0098600308220116,0.8697829716193656,0.0058344789259916,0.0146460330734339,0.0012185870327014,0.0158646201061354,0.8146911519198664,0.006811470724642277,0.0016629431833280258,0.01660344009287655,0.014940496909548524
0.001,100,24,0.0759264231688607,0.000972457964145,0.0010449047220862,0.0010227994737067,0.0011374198572675,0.0005236193234324,0.0016610391806999,0.4908180300500834,0.0011212800247997,0.0013637499026763,0.0006267336958368,0.0019904835985132,0.6260434056761269,0.0010657757934635,0.000859170209727,0.0006920474160081,0.0015512176257352,0.6026711185308848,0.0011287236120551825,0.00064325678977184,0.0018122472596587605,0.0011689904698869206
0.01,10,26,0.2528138336354723,0.0076891542873713,0.0084603343414815,0.008678412799034,0.0189872067219643,0.0020861450931994,0.0210733518151638,0.6227045075125208,0.0073963231675627,0.0244350451384663,0.0013593126701534,0.0257943578086197,0.8948247078464107,0.0126827520337219,0.0230963549603938,0.0040618958090948,0.0271582507694886,0.8514190317195326,0.012513290159404278,0.0039994759834371535,0.027479172777384517,0.023479696793947364
0.01,10,32,0.3004287639064582,0.0216746527446073,0.0240177309012881,0.0134624577925162,0.0229671099301845,0.0056697263068504,0.028636836237035,0.6143572621035058,0.0077742651457729,0.0212783744057825,0.0018783670205538,0.0231567414263363,0.9065108514190318,0.0183226136926293,0.022132721441766,0.0082269269225115,0.0303596483642775,0.8864774624373957,0.01672174595296383,0.005383900168817491,0.03177616475149989,0.0263922645826824
0.01,10,24,0.19059874403766,0.0058723025272716,0.0064377421873544,0.0039718947556847,0.012746518696443,0.0003226604454646,0.0130691791419076,0.4490818030050083,0.0057771080841927,0.0193554478401008,0.0008310633630101,0.020186511203111,0.8848080133555927,0.0071260897059481,0.0128830383381515,0.0019935970421314,0.014876635380283,0.7979966611018364,0.007694874424487352,0.0020468758651986723,0.019498034240677933,0.01745115837547926
0.01,10,29,0.2336595992206043,0.00831227616034,0.0090591306550879,0.0097020513472282,0.017921647740685,0.0026218326574885,0.0205434803981736,0.6193656093489148,0.0088681602732808,0.0256999407500445,0.0018080858834565,0.0275080266335011,0.9181969949916527,0.0117830916848868,0.0226993773862698,0.0036504681222472,0.026349845508517,0.8547579298831386,0.011111820116639137,0.0031485794519539928,0.024640929233282805,0.02149234978132881
0.01,10,33,0.2391189822707107,0.0054419926481593,0.006010604491468,0.0091320061333939,0.0145887998688478,0.0035100969290509,0.0180988967978988,0.6844741235392321,0.0091201499190942,0.0224265610194058,0.00225958102741,0.0246861420468158,0.9048414023372288,0.0096504605262918,0.0214949828190434,0.0034332386601012,0.0249282214791447,0.8447412353923205,0.01165618933737278,0.0033805724116973586,0.02596656675450503,0.022585994342807673
0.01,10,21,0.1415421309457743,0.0041769711955579,0.0046305962116033,0.0024287654461745,0.0089566268959869,9.958462348047592e-05,0.0090562115194674,0.5392320534223706,0.0029118205785613,0.0070443760034607,0.0006482754945423,0.0076926514980031,0.8764607679465777,0.0020405326975054,0.005465993213701,0.0003920825833155,0.0058580757970166,0.8196994991652755,0.004322731867432594,0.0010652511089574545,0.010732309217564757,0.009667058108607303
0.001,100,20,0.0584100214676561,0.0006030965247171,0.0006488779839218,0.0006402754364795,0.0006473128331329,0.000346700382349,0.0009940132154819,0.5175292153589316,0.0006433649063255,0.0006493031806343,0.0003675342645555,0.0010168374451899,0.666110183639399,0.0006046391307362,0.0005672139386465,0.0003539217693456,0.0009211357079921,0.5926544240400667,0.0006732162437401712,0.00037990655473549864,0.0011139517562696708,0.0007340452015341722
0.001,100,26,0.0893058066557851,0.0030660177466484,0.0032918984644138,0.0014387450674843,0.0015073848532462,0.0007354540804492,0.0022428389336955,0.4808013355592654,0.0014091894562847,0.0015944598320803,0.000767122363886,0.0023615821959664,0.662771285475793,0.0014673026651704,0.0011700712819193,0.0009355917649365,0.0021056630468559,0.5943238731218697,0.0015638051554560661,0.0009376590314786881,0.0024792459094896907,0.0015415868780110026
0.01,10,30,0.183248797309336,0.0062437043238502,0.006899751447026,0.0066298974927719,0.0212491425301904,0.0014344435838665,0.022683586114057,0.669449081803005,0.0048843196982849,0.0128331293670563,0.0010071661437932,0.0138402955108496,0.9048414023372288,0.0069215837661326,0.0137229812619427,0.0024572125688376,0.0161801938307804,0.8297161936560935,0.006992324721068144,0.0020443760964553807,0.01644898713566361,0.01440461103920823
0.01,10,31,0.2549853056190109,0.012872570978185,0.0141701653018359,0.0101700409738844,0.0210082820083116,0.0015637502055391,0.0225720322138508,0.6310517529215359,0.0107072559089004,0.0262638272697462,0.0011997960246902,0.0274636232944365,0.8964941569282137,0.0133394693219169,0.0248430559739398,0.0029869657328541,0.0278300217067939,0.8580968280467446,0.013154570013284683,0.003990720701403918,0.028031819267198436,0.02404109856579452
0.01,10,34,0.2375487115375555,0.0191660480209166,0.0212532856113978,0.009983873789204,0.0192035013814667,0.0027379251082823,0.021941426489749,0.676126878130217,0.0050651284419896,0.0149837083961604,0.0006647911516532,0.0156484995478137,0.8814691151919867,0.0108684774699524,0.0201890279241938,0.0033894138295241,0.023578441753718,0.8397328881469115,0.011631806381046772,0.0035404824186116455,0.02738646757788956,0.023845985159277914
0.01,10,37,0.1321560260020603,0.0084972632736592,0.0095037740430992,0.001891455849494,0.0065440911021061,0.0002555656881692,0.0067996567902753,0.5409015025041736,0.0021796657908945,0.0061234180494014,0.0001889790203427,0.0063123970697442,0.8898163606010017,0.0029948603369381,0.0073007278215894,0.0005377796108932,0.0078385074324826,0.8414023372287145,0.00378261785954237,0.0009907195460982622,0.0096004431368783,0.00860972359078004
0.001,100,25,0.0692193335511756,0.0007119032915896,0.0007654475209423,0.0007960221893962,0.0008894417417491,0.0003264612219844,0.0012159029637336,0.4691151919866444,0.0008779638713828,0.0009806177761333,0.000450322971937,0.0014309407480703,0.672787979966611,0.0008532025029609,0.000819978994513,0.0005288889124118,0.0013488679069249,0.6277128547579299,0.0009496909915469587,0.0005512258532689885,0.0015592452196869998,0.0010080193664180114
0.01,10,35,0.2172179711552584,0.005305944874537,0.0058402533361696,0.0069817458408464,0.0130931680813676,0.0017921276210187,0.0148852957023863,0.5792988313856428,0.0059939895217725,0.0191399978722652,0.0006926800902418,0.0198326779625071,0.8864774624373957,0.0076557708089118,0.0206574030938699,0.0016172163542196,0.0222746194480895,0.8414023372287145,0.009846637956798077,0.002784943347796799,0.023316417494788765,0.020531474146991965
0.01,10,36,0.1440665833808216,0.0074681247451035,0.0083481795832165,0.0031736648714954,0.0054388619867541,0.001062859038337,0.0065017210250912,0.671118530884808,0.0023777834444505,0.0069206021045384,0.0003541795937189,0.0072747816982574,0.8714524207011686,0.004077683754367,0.0074688873465532,0.0015347839462271,0.0090036712927803,0.8330550918196995,0.004459857940673828,0.001131626160349697,0.011044311383739099,0.009912685223389402
0.01,10,39,0.1851107564150728,0.0059572729874884,0.0065878717230385,0.0059438445104028,0.0136938009616219,0.0005792905638565,0.0142730915254785,0.657762938230384,0.0046373918011439,0.0150301695432212,0.0007462716552738,0.015776441198495,0.8647746243739566,0.0052785723279545,0.0132564688190675,0.0010404108581241,0.0142968796771917,0.8130217028380634,0.007277022581547499,0.0019508149940520526,0.018214621488004918,0.016263806493952867
0.01,10,38,0.1078580185363427,0.0039045447222827,0.004313778348736,0.0015246633734866,0.0047152323303282,0.0001898148305108,0.004905047160839,0.5509181969949917,0.0031592593399869,0.010910895470257,0.0003568909224185,0.0112677863926756,0.8681135225375626,0.0017523538008573,0.0047744494954713,0.0002519999383523,0.0050264494338237,0.8113522537562604,0.0024616471491754055,0.0005550035275518897,0.006399457331281147,0.005844453803729258
0.01,50,0,0.2558826844955529,0.0103035783506352,0.0113488149021781,0.0125190316759182,0.0149345441778035,0.0045394114231967,0.0194739556010003,0.5075125208681135,0.0126870019083764,0.0199885107576069,0.0053010550850397,0.0252895658426467,0.8363939899833055,0.0137329423451147,0.0121208106818344,0.0076782150551353,0.0197990257369697,0.6010016694490818,0.01413984876126051,0.0083029265049845,0.022104596300050613,0.013801669795066113
0.01,50,3,0.2505255124291694,0.013124959054734,0.0144587212690961,0.0123454178466472,0.0135868945815825,0.0052521470209309,0.0188390416025134,0.5058430717863105,0.0130949317941899,0.0200687955387016,0.0059690137014439,0.0260378092401456,0.7979966611018364,0.0135578398149402,0.0134673148954304,0.0084442113285249,0.0219115262239553,0.6243739565943238,0.013387579470872879,0.007825000630691649,0.021064491709694266,0.013239491079002618
0.001,100,27,0.0729486897687148,0.0018829550778876,0.0020265291152367,0.0009994983752051,0.0009473932062766,0.0005732275443846,0.0015206207506613,0.4958263772954925,0.0009537955113894,0.0009093776832937,0.0005859550406991,0.0014953327239928,0.656093489148581,0.0009704773656491,0.0008446118780591,0.0005603037697974,0.0014049156478565,0.6110183639398998,0.0010555871995165944,0.0006062608896172606,0.0017158419650513672,0.0011095810754341066
0.001,100,30,0.0632078195963281,0.0006485213027845,0.0006960097949489,0.0006886252236532,0.0009071463043102,0.0002379950848102,0.0011451413891205,0.4657762938230384,0.000692185783743,0.0009323221960985,0.0003491719697292,0.0012814941658278,0.6410684474123539,0.0007053669320174,0.0006419147075273,0.0004215613057836,0.001063476013311,0.5959933222036727,0.0007940147770568728,0.00044521199233713563,0.0013312830647919326,0.0008860710724547969
0.01,50,10,0.2571724214981355,0.0094325424984543,0.0104284323526903,0.0135723969528173,0.0143811301530314,0.0081336060106175,0.0225147361636489,0.5242070116861436,0.0134270879566294,0.0212214279614301,0.005249503686111,0.0264709316475412,0.7913188647746243,0.0138479134963949,0.0128761448210163,0.0078432018178343,0.0207193466388507,0.6293823038397329,0.014138132333755493,0.008427976421080534,0.022466091206297275,0.014038114785216741
0.01,50,2,0.2397865580899786,0.0125455650786102,0.0138995371370223,0.0109812888748766,0.0118236113492683,0.0054133440583243,0.0172369554075927,0.5258764607679466,0.0099041132084699,0.0153988877050773,0.0037830200344554,0.0191819077395328,0.7696160267111853,0.0119338908721874,0.0103810209764984,0.0075167967746609,0.0178978177511594,0.6160267111853088,0.012301310896873474,0.007172916887793691,0.019742613611742853,0.012569696723949163
0.01,50,1,0.225745430518078,0.0151743503232025,0.0168483231470956,0.0098919735405753,0.0092607932823534,0.0045065739903977,0.0137673672727512,0.5425709515859767,0.0090078214212278,0.0172503355177989,0.0038868775062901,0.021137213024089,0.7512520868113522,0.0107612615428778,0.010581292330582,0.0064138844742297,0.0169951768048118,0.6043405676126878,0.010871479287743568,0.006181785406079144,0.01747042452916503,0.011288639123085885
0.01,50,15,0.2316969627610524,0.0067740677624881,0.00747200415885,0.0109309533950007,0.011805507038568,0.005092929973753,0.0168984370123211,0.5075125208681135,0.0101292725989895,0.01743991932582,0.0041610982482164,0.0216010175740364,0.7796327212020033,0.0105707060121164,0.0104938480613961,0.0066856182875938,0.0171794663489899,0.6377295492487479,0.011251247487962246,0.006686619378160686,0.017702374560758464,0.011015755182597778
0.01,50,4,0.2078204625190251,0.0114137657671777,0.0126485574602495,0.0084934070346586,0.0103908376777128,0.0039016863419601,0.014292524019673,0.5425709515859767,0.0071023719805818,0.0146534363984949,0.0028320434014511,0.017485479799946,0.7796327212020033,0.0090094019473159,0.0083552900316826,0.0053176432528208,0.0136729332845034,0.6343906510851419,0.008927634917199612,0.00530204816022888,0.014350192784331736,0.009048144624102857
0.01,50,7,0.1938875895869782,0.0077778189003268,0.0086260266819322,0.0072559568853167,0.0071696437108274,0.0042990509511597,0.0114686946619871,0.5275459098497496,0.0074043846809029,0.0109956193345268,0.0035083167050729,0.0145039360395998,0.7278797996661102,0.0077116780429617,0.006879834058951,0.0046336110150797,0.0115134450740307,0.6076794657762938,0.0077143097296357155,0.004343443352263421,0.012713338132016352,0.008369894779752932
0.01,50,6,0.2233891568794175,0.0083365312177784,0.0091901230218808,0.010364307204516,0.0090419644814446,0.0063029245000759,0.0153448889815206,0.5342237061769616,0.0097845366381578,0.0189068785617306,0.0043948487840156,0.0233017273457462,0.7879799666110183,0.0103519605039739,0.0076404879928333,0.0070626662832694,0.0147031542761028,0.6343906510851419,0.010505151003599167,0.006078647007234397,0.017483315616846084,0.011404668609611687
0.01,50,8,0.222041359285507,0.0085859701191235,0.0094736734183142,0.0093772928351465,0.010039244589712,0.0050992302118515,0.0151384748015636,0.5225375626043406,0.0088461873591396,0.0169947980032846,0.0022725037229798,0.0192673017262645,0.7796327212020033,0.010079645752246,0.0099326739804576,0.0056682477343438,0.0156009217148014,0.6010016694490818,0.010371463373303413,0.006111644371412694,0.016814045282080765,0.01070240091066807
0.01,50,11,0.2436617508302666,0.011893434559989,0.0131691717012373,0.0115238815022505,0.0119210689271342,0.0060232404329756,0.0179443093601098,0.5158597662771286,0.0120907689131112,0.0214465136567178,0.0047229079910665,0.0261694216477844,0.8046744574290484,0.0125788798461198,0.0108808716782954,0.0077800965758909,0.0186609682541863,0.6293823038397329,0.01271858811378479,0.007533668749965728,0.020251423260197042,0.012717754510231313
0.01,50,9,0.2265417478585766,0.0111280105123599,0.0123680066483916,0.0098520601988459,0.0087586975336029,0.005380751264328,0.0141394487979309,0.5125208681135225,0.0114002589396598,0.0220381412304725,0.0037648193609388,0.0258029605914113,0.7712854757929883,0.0104655555513047,0.0083767673696998,0.0064884713388564,0.0148652387085562,0.6026711185308848,0.010950836353003979,0.006351451994851232,0.01743932799436151,0.011087875999510279
0.01,50,5,0.2064922043084127,0.0147658635286557,0.0163979340650987,0.0079269284752266,0.0082875711808531,0.0047392828230145,0.0130268540038677,0.5058430717863105,0.0073488211142311,0.0117511822483391,0.0032764209568782,0.0150276032052173,0.7963272120200334,0.0084844303905402,0.0079833651069307,0.0046783190329844,0.0126616841399151,0.6210350584307178,0.008968682959675789,0.005114131770096721,0.01455332958139479,0.00943919781129807
0.01,50,16,0.2280548100389853,0.0082046685991311,0.0090883797662976,0.0106808403222634,0.0101609066184131,0.0064557314055693,0.0166166380239824,0.5225375626043406,0.0098927487727896,0.0152719166197306,0.0046930123050432,0.0199649289247738,0.7846410684474123,0.011199704089258,0.01065138678877,0.0066712726157537,0.0173226594045238,0.5826377295492488,0.010998769663274288,0.006536974606569857,0.0175519002135843,0.01101492560701444
0.001,100,28,0.0692778569711234,0.001049997004595,0.0011276246839336,0.0009205066205565,0.0008681678954565,0.000517938627843,0.0013861065232995,0.4624373956594323,0.0009348641243319,0.0013857606029702,0.0004251371422639,0.0018108977452341,0.6360601001669449,0.0009280182801236,0.0007716952287152,0.0005804142267982,0.0013521094555134,0.5659432387312187,0.0009438245906494558,0.0005329103849362583,0.001559764999547041,0.0010268546146107826
0.01,50,17,0.2116774752916591,0.0086591062080026,0.0095396689687526,0.0090099640254121,0.0097259660252429,0.0055019158118452,0.0152278818370881,0.5559265442404007,0.0085894319230764,0.0188904414470293,0.003400603960638,0.0222910454076673,0.7629382303839732,0.0092028336326715,0.0086970713820107,0.0053326522868701,0.0140297236688809,0.5709515859766278,0.009355153888463974,0.005502288416028024,0.01511539320927113,0.009613104793243106
0.01,50,13,0.2173988341987118,0.0074538075976656,0.008248226338392,0.0093802700135543,0.0087793369896564,0.0059255663075088,0.0147049032971653,0.5108514190317195,0.0088727908452554,0.0123405854019998,0.0038499683536511,0.0161905537556509,0.7762938230383973,0.0097430876469379,0.0096025617579962,0.0057339756835056,0.0153365374415018,0.6343906510851419,0.009825681336224079,0.005624224722851069,0.015904269414022565,0.010280044691171497
0.01,50,12,0.223416844469342,0.0091524485919515,0.0101005519755167,0.0095302958492614,0.0123902768433897,0.0048177562870196,0.0172080331304094,0.5325542570951586,0.0096324468050359,0.0183029917374812,0.0036324770915486,0.0219354688290299,0.7813021702838063,0.010365627236076,0.0100590891236067,0.0059101607559342,0.0159692498795409,0.5976627712854758,0.010501189157366753,0.0059631266514770685,0.016870770091190933,0.010907643439713864
0.01,50,14,0.2172903797650034,0.0153064436834414,0.0169236314586645,0.0092071469422379,0.0085491669323702,0.0053706482650155,0.0139198151973857,0.5475792988313857,0.0082489759235844,0.0116961673463326,0.0036197431436931,0.0153159104900258,0.7729549248747913,0.0097681489880164,0.0102010147454687,0.0063144161030504,0.0165154308485192,0.5826377295492488,0.009904990904033184,0.005838871747255327,0.015749098174273956,0.00991022642701863
0.001,100,39,0.0685464728153991,0.0005644173775644,0.0006054223879271,0.0008973940608133,0.0007536682870917,0.0005336979165917,0.0012873662036835,0.4674457429048414,0.000915943002934,0.0012019704693137,0.0004876430647391,0.0016896135340528,0.7178631051752922,0.0008602120244912,0.0007254432106922,0.0005509439212228,0.0012763871319151,0.5609348914858097,0.0009292239556089044,0.000520501789287664,0.0015065459767356515,0.0009860441874479874
0.001,100,31,0.0730431870393649,0.0011039297551405,0.001185876437456,0.000957340102551,0.0010787968184317,0.0005450721590971,0.0016238689775289,0.5225375626043406,0.0010595048932361,0.001155577779853,0.0006125987389188,0.0017681765187718,0.672787979966611,0.000985652638339,0.0009078802458345,0.0005640429620979,0.0014719232079324,0.5943238731218697,0.0010455038864165545,0.000597555545391515,0.001702846563421188,0.001105291018029673
0.01,50,20,0.2142681858298368,0.0082732221791493,0.0091822915518663,0.0088373208360711,0.0134539838352953,0.0029529636063512,0.0164069474416465,0.5025041736227045,0.009983756036324,0.0220245923771403,0.0035683848411977,0.025592977218338,0.7762938230383973,0.009653276918577,0.0095089835480669,0.0056786668059091,0.015187650353976,0.6076794657762938,0.009566021151840687,0.0055501634138636294,0.015519208856858313,0.009969045442994684
0.01,50,31,0.2281399550026426,0.0107041260798124,0.0118836272524542,0.0101036301396826,0.0102732217849775,0.0058600534696048,0.0161332752545823,0.5308848080133556,0.0092647896144362,0.014636092726535,0.004066221068217,0.018702313794752,0.7796327212020033,0.0102176076337996,0.0098114789649095,0.0057154263094773,0.0155269052743869,0.6160267111853088,0.01092214323580265,0.006368593021761626,0.017650209506973623,0.011281616485211997
0.01,50,26,0.2330343700206581,0.009257349661559,0.0102163593584598,0.0102385358371249,0.0113821589055016,0.0053615074690511,0.0167436663745528,0.5292153589315526,0.0111305340664626,0.0210744107163499,0.0037550465658784,0.0248294572822284,0.8030050083472454,0.011472270976624,0.0087774290256768,0.0079114940021753,0.0166889230278521,0.6243739565943238,0.011552696116268635,0.006904658570419997,0.018637000024318673,0.011732341453898676
0.001,100,32,0.0720444753868015,0.0006895271119149,0.0007405117366783,0.0009770495822383,0.0011749979231522,0.0005132089590708,0.0016882068822231,0.4858096828046744,0.0009440204335801,0.0015399797185148,0.0004863253231621,0.0020263050416769,0.7061769616026711,0.0009576477418736,0.0010011700485359,0.0005607115303017,0.0015618815788377,0.6210350584307178,0.001018222770653665,0.0005960863069049083,0.0016455108619993547,0.0010494245550944463
0.01,50,18,0.202616858439592,0.0098203109543306,0.010873679611005,0.0073418899582042,0.0112438611788149,0.0022589731062066,0.0135028342850215,0.4958263772954925,0.0078229517944282,0.0140725658936052,0.0032742535715052,0.0173468194651105,0.7863105175292153,0.0082825904932029,0.0072829995398836,0.0052460868564052,0.0125290863962888,0.6110183639398998,0.008505654521286488,0.0048299862537533045,0.013598952046595508,0.008768965792842203
0.01,50,19,0.1869007116920611,0.0051334970405979,0.0056711159348106,0.0064453151785685,0.008148316064229,0.0024096268494994,0.0105579429137285,0.5208681135225376,0.0063735639881379,0.0096236894882819,0.0023795817660139,0.0120032712542958,0.7579298831385642,0.0068042018720399,0.0074725479151257,0.0037257036140925,0.0111982515292183,0.6193656093489148,0.007142492104321718,0.003999597812071443,0.011344823287799947,0.007345225475728505
0.01,50,21,0.2966406376347065,0.014133960671192,0.0156240358456921,0.0168895408305407,0.0179514302551618,0.0073941163780703,0.0253455466332321,0.5025041736227045,0.0147868169830938,0.0215637331368757,0.0065387246821418,0.0281024578190175,0.8230383973288815,0.0193734214114579,0.0160923290536555,0.0120421215433157,0.0281344505969713,0.654424040066778,0.01901024766266346,0.011427302798256279,0.029346627509221415,0.017919324710965134
0.001,100,36,0.0888738544497921,0.0014758270244533,0.0015836426764875,0.0015031294956379,0.0014589969288246,0.0009321697914819,0.0023911667203065,0.5275459098497496,0.0014024398638279,0.0013123403754123,0.0007982500125421,0.0021105903879545,0.66110183639399,0.0014422258444875,0.0013366334441774,0.0008712779254626,0.00220791136964,0.5776293823038398,0.0015531365061178803,0.0009181551140500234,0.0024677070032339534,0.0015495518891839302
0.01,50,23,0.2103597370001513,0.0083109062797173,0.0091876895220632,0.0084017285095199,0.0100605873591699,0.0032232768862403,0.0132838642454103,0.5275459098497496,0.0075780008061226,0.0109628238813187,0.0034135415287156,0.0143763654100344,0.7679465776293823,0.0090107791277077,0.0084990899803767,0.0047523489597445,0.0132514389401212,0.6260434056761269,0.009119190275669098,0.005203701124992222,0.015031827078200869,0.009828125953208647
0.01,50,33,0.2771775187649097,0.0104085254901754,0.0114841945488783,0.015641240728106,0.017789931767699,0.008840956104739,0.0266308878724381,0.5375626043405676,0.0136753691389006,0.0221215276136222,0.0053728582996151,0.0274943859132374,0.8180300500834724,0.0161762105968248,0.0153694679521358,0.0105683492163771,0.0259378171685129,0.6026711185308848,0.01677432283759117,0.010022095567546786,0.026312232064083216,0.01629013649653643
0.01,50,24,0.2691909327435595,0.0145367309131689,0.0160359385153786,0.0150603248798061,0.0162612558222085,0.0083557980467178,0.0246170538689263,0.4991652754590985,0.0129469052208385,0.0218094443960372,0.0047807795348817,0.0265902239309189,0.8247078464106845,0.0154338004593624,0.0131532865910889,0.0098505060138207,0.0230037926049097,0.6310517529215359,0.015742361545562744,0.009436456835828722,0.024831899907439933,0.015395443071611212
0.01,50,29,0.2435661794861782,0.011221308064058,0.0124134522402351,0.0117330186220833,0.0159384545139094,0.005128851043796,0.0210673055577055,0.5191986644407346,0.0105143161933304,0.017860220560233,0.0048828770881216,0.0227430976483547,0.7679465776293823,0.012846159441132,0.0114242709006884,0.0082699824170745,0.0196942533177629,0.6110183639398998,0.012616259045898914,0.007421351270750168,0.020538675971329204,0.013117324700579035
0.01,50,22,0.2387321384398066,0.0080600206431438,0.0089017177554613,0.011222021812757,0.0134123153857831,0.0058109570517889,0.019223272437572,0.5642737896494157,0.0113154419607181,0.0204375309748997,0.004524356120425,0.0249618870953247,0.7779632721202003,0.0120163056881445,0.0109581318958876,0.0066620427016115,0.0176201745974992,0.6377295492487479,0.012096401304006577,0.006834797642659396,0.01934794858098029,0.012513150938320892
0.01,50,25,0.2432134755731148,0.0091051516282835,0.0100342622404172,0.0111588045223027,0.0108198466978639,0.0062886978741524,0.0171085445720163,0.5141903171953256,0.012120951721272,0.0190422740051973,0.0053469386684914,0.0243892126736887,0.8213689482470785,0.0117752098811657,0.0097135735179948,0.0071679965557164,0.0168815700737112,0.6026711185308848,0.012675363570451736,0.007417425035964698,0.020477299718186254,0.013059874682221556
0.01,50,28,0.2454033695202438,0.0078546747470893,0.008670521434198,0.0122989190304292,0.0113581558389438,0.0068892228600883,0.0182473786990322,0.5175292153589316,0.0124470803631578,0.021976271952595,0.0043504799556876,0.0263267519082826,0.7579298831385642,0.0133772734769304,0.0131117657284487,0.0077613561063696,0.0208731218348183,0.6126878130217028,0.01296512596309185,0.007710648362990469,0.02068270267918705,0.012972054316196583
0.001,100,37,0.0710850661818717,0.0009218218332442,0.0009894777428795,0.0009268187901267,0.0008984006142845,0.0004828904059976,0.0013812910202822,0.5442404006677797,0.0009218005207426,0.0013012978608637,0.0004036116406584,0.0017049095015221,0.7095158597662772,0.00092006938857,0.0007401418175252,0.0005770965543213,0.0013172383718465,0.6076794657762938,0.0009951278334483504,0.0005675619700923562,0.0016143150627613064,0.0010467530926689503
0.001,100,35,0.0652047333707665,0.0009377829322918,0.0010071238046028,0.0007851198695299,0.0006232121743083,0.0004807299287127,0.001103942103021,0.4390651085141903,0.0007737544863331,0.0008079231457028,0.0004346111534709,0.0012425342991737,0.667779632721202,0.0008035416974613,0.0007813813214209,0.0004712322894795,0.0012526136109004,0.6126878130217028,0.0008418959914706647,0.0004788073718373198,0.0013709736202144995,0.0008921662483771797
0.01,50,30,0.2354034557212632,0.0087636826722155,0.0097277456333992,0.0108930327782239,0.0138496249968525,0.005530902224275,0.0193805272211275,0.5308848080133556,0.0105095527253237,0.0172782211676537,0.004876856405161,0.0221550775728148,0.7929883138564274,0.0117172397480414,0.0096349583137113,0.0070465203961092,0.0166814787098206,0.6060100166944908,0.011823669075965881,0.006797958235256375,0.018724946770817038,0.011926988535560663
0.01,50,32,0.2274119342938673,0.0094811950921463,0.0105087589337928,0.0107878914867607,0.0107484235671839,0.0060745182094836,0.0168229417766675,0.5175292153589316,0.0092423452014301,0.0159342064788974,0.0040980591301535,0.020032265609051,0.7562604340567612,0.0102370812534796,0.0101482528875664,0.0052209165503429,0.0153691694379093,0.5926544240400667,0.010947736911475658,0.006331315555144102,0.01721464763395488,0.01088333207881078
0.01,50,27,0.2008218311317068,0.0085503634331181,0.009420131187919,0.0075055106972815,0.0083737651326216,0.0036971664151797,0.0120709315478014,0.5409015025041736,0.0080738794797787,0.0153341075119163,0.0033271928586418,0.0186613003705581,0.7545909849749582,0.0082268363009013,0.0084051434977522,0.0042113110729725,0.0126164545707248,0.6076794657762938,0.008342266082763672,0.004797858966048807,0.01337321598548442,0.008575357019435613
0.001,100,34,0.0684462198558512,0.00091827108599,0.000986406007922,0.0008606646580796,0.0009756516934104,0.0003989019224254,0.0013745536158358,0.5091819699499165,0.0008481689457149,0.0010346931919241,0.0004333786852706,0.0014680718771948,0.6510851419031719,0.00091131704453,0.0008094474441142,0.0005097035095669,0.0013191509536812,0.6010016694490818,0.0009184773080050945,0.0005212616408243777,0.0015454613516340011,0.0010241997108096233
0.01,50,36,0.2574588638509221,0.018139578575549,0.0201121933844482,0.0132933994409548,0.014823989143624,0.0058085584336615,0.0206325475772855,0.4741235392320534,0.0114196541882433,0.0185407154987854,0.0053963147728087,0.0239370302715942,0.7879799666110183,0.0144845746438939,0.0126236207968641,0.0081244082335123,0.0207480290303764,0.6227045075125208,0.01434502936899662,0.0082836254267022,0.022804175969213247,0.014520550542511047
0.01,50,34,0.263980890438315,0.0112712371569763,0.0124515271792402,0.0143310814319067,0.0161202439838181,0.0088169555132898,0.024937199497108,0.5375626043405676,0.0126874387616935,0.0220225196269826,0.0051493311236474,0.0271718507506301,0.8180300500834724,0.0153898930114531,0.0138210060594963,0.0090188930509666,0.0228398991104629,0.6494156928213689,0.015075788833200932,0.008756852056831122,0.024119533365592357,0.015362681308761235
0.01,50,35,0.1946039863548881,0.0097097624397473,0.0107199598015952,0.0066548322173368,0.0065282474447624,0.0039104295417271,0.0104386769864896,0.5008347245409015,0.0063786770722863,0.0113186739223348,0.0024792231011491,0.013797897023484,0.7595993322203672,0.0073563103595895,0.0061827922524196,0.0049710038368034,0.011153796089223,0.6527545909849749,0.0077744596637785435,0.004557603236753494,0.012309427955187854,0.00775182471843436
0.01,50,37,0.2362225939982847,0.0147066852989915,0.0163079509330184,0.0109689389557409,0.0097058319156436,0.0064561390121549,0.0161619709277986,0.5325542570951586,0.010410350625665,0.0178157914022348,0.0040005596111967,0.0218163510134315,0.8130217028380634,0.0119437061569525,0.0118521616037984,0.0070884686847307,0.0189406302885291,0.5976627712854758,0.011698342859745026,0.006761238782200964,0.01853526327759027,0.011774024495389307
0.001,100,33,0.0501111259672937,0.0004662614862221,0.0005003733812122,0.0004612961621537,0.0005987699499577,0.0002206571785767,0.0008194271285344,0.5058430717863105,0.0004759435965061,0.0005948226358971,0.0002308195738311,0.0008256422097283,0.6811352253756261,0.0004618719154019,0.0004924427015082,0.0002665258805799,0.0007589685820882,0.6510851419031719,0.000496922992169857,0.00027584399940678856,0.00080866444914136,0.0005328204497345715
0.01,50,39,0.2856746461845855,0.011353186160633,0.0125399006330536,0.016621723016261,0.015126929593571,0.0083821591690682,0.0235090887626392,0.5659432387312187,0.0161269955039488,0.0228059011323102,0.0066930197606249,0.0294989208929352,0.8397328881469115,0.0182425275649189,0.013189767187288,0.0124495516852364,0.0256393188725245,0.66110183639399,0.01770057901740074,0.010736226406879724,0.027581395627930758,0.016845169221051032
0.01,50,38,0.2114274530429081,0.0101073781556205,0.0111904324211897,0.0087583199129045,0.0089999534289926,0.0049253934149547,0.0139253468439473,0.5175292153589316,0.007818283472428,0.0140512561869442,0.0028321322797518,0.016883388466696,0.7913188647746243,0.0092451128857573,0.0078314527418949,0.0055148644343302,0.0133463171762251,0.5976627712854758,0.009347422979772091,0.005438936548307538,0.014864395372569561,0.009425458824262023
0.001,100,38,0.0663032896472235,0.0008191355909979,0.0008802047099274,0.000810955169069,0.0007626772099423,0.0004445072359615,0.0012071844459039,0.5242070116861436,0.0008831787717505,0.0012539087740245,0.0003800841770241,0.0016339929510486,0.669449081803005,0.0007755025901991,0.0006718805994532,0.0004583310469482,0.0011302116464015,0.6043405676126878,0.0008650240488350391,0.00048115348399733196,0.0014102198678301644,0.0009290663838328324
0.01,100,10,0.216483086384303,0.0095411877727779,0.0105301875249087,0.0086534803056419,0.0068630626425314,0.0053021404607096,0.0121652031032411,0.4323873121869783,0.0090714456162715,0.0100742859381778,0.00486758331959,0.0149418692577678,0.7262103505843072,0.0092343595902944,0.0054399178011123,0.0064803082969548,0.0119202260980672,0.5175292153589316,0.010055294260382652,0.006409412831999362,0.01469067116267979,0.008281258330680427
0.01,100,14,0.1987282204537917,0.0088547447558775,0.0098081716605732,0.0079066423832422,0.0071205395516134,0.004839684064908,0.0119602236165214,0.3989983305509182,0.0084197057337047,0.0091970723526709,0.0047173905479353,0.0139144629006062,0.67779632721202,0.0079948366075461,0.0063530857126681,0.0054081120838754,0.0117611977965435,0.4958263772954925,0.008451778441667557,0.005443009291775525,0.01264986598398536,0.007206856692209835
0.01,100,0,0.233587592947656,0.0104700230841328,0.0116183577376581,0.0103028995857657,0.0091173136846088,0.0054374992507612,0.0145548129353701,0.4273789649415693,0.0102152820502514,0.0139670769599408,0.0052387821979831,0.019205859157924,0.7028380634390651,0.0114172223800939,0.0080212036984373,0.0080985101678748,0.0161197138663121,0.5025041736227045,0.011901344172656536,0.007878325972706081,0.017275220341980445,0.009396894369274364
0.01,100,22,0.2285024767598343,0.0084678545932938,0.0093378758999411,0.0100730397906185,0.007536399502101,0.0066530174329749,0.0141894169350759,0.4207011686143572,0.0101522105439815,0.0128942212165667,0.0053564969180603,0.0182507181346271,0.6994991652754591,0.0108147262239317,0.0065722754165773,0.0079327468941932,0.0145050223107706,0.5225375626043406,0.01141810230910778,0.007430742250289769,0.016967468056827778,0.00953672580653801
0.01,100,1,0.2049462777138033,0.0109772368453575,0.0121585403865578,0.0078749607531108,0.0056388372078996,0.0053593994404667,0.0109982366483663,0.4607679465776294,0.0078786655023316,0.0093828498348687,0.0040032704989201,0.0133861203337888,0.671118530884808,0.008253301617672,0.0048221268825005,0.0057287228899921,0.0105508497724926,0.5258764607679466,0.008988387882709503,0.0058073826250620185,0.013418727484531701,0.007611344859469683
0.01,100,5,0.2560840694557865,0.0142785112739606,0.0158198393530343,0.0130531960001029,0.0102215256468723,0.0079629228172994,0.0181844484641717,0.4540901502504174,0.0129239689376566,0.0135796204023165,0.007219646359354,0.0207992667616705,0.7328881469115192,0.0136113363031449,0.0082008422463006,0.0103475268045397,0.0185483690508403,0.4858096828046744,0.014578725211322308,0.009641008195467293,0.02150315144099292,0.011862143245525628
0.01,100,6,0.2447734132366361,0.0079942034221345,0.0088294103203745,0.0120594280432594,0.0103878674671555,0.008255079208523,0.0186429466756785,0.4340567612687813,0.0121865929999003,0.0136046617741337,0.0067307904675633,0.020335452241697,0.7095158597662772,0.0122016672687223,0.0082755011365647,0.0080345984692915,0.0163100996058562,0.4941569282136895,0.013214735314249992,0.008480813656933607,0.01926825759001076,0.010787443933077153
0.01,100,8,0.2584631736213284,0.0098075931168645,0.0108158042892494,0.0136708933737156,0.0094242369915661,0.0102988926875744,0.0197231296791406,0.3789649415692821,0.0137332045653189,0.0160588751265787,0.0076657349593789,0.0237246100859576,0.7445742904841403,0.0134018245110746,0.0080050298102921,0.0099065891471102,0.0179116189574024,0.5025041736227045,0.014870849438011646,0.009795938013121487,0.021695011015981435,0.011899073002859948
0.01,100,3,0.2507528316513138,0.015352782595305,0.0170229688006202,0.0132562780349996,0.0116512914218218,0.0089145935840898,0.0205658850059116,0.4123539232053422,0.0122722633333752,0.0145988995454921,0.0060187600122533,0.0206176595577455,0.6828046744574291,0.0126629469772986,0.0086949287308773,0.0083147219420151,0.0170096506728924,0.4657762938230384,0.01387171819806099,0.009056975622661412,0.020274419710040084,0.011217444087378672
0.01,100,7,0.2166526337848583,0.0081191423614807,0.008956770612648,0.0097550783030117,0.0069427607736445,0.0069978385958169,0.0139405993694615,0.4590984974958264,0.0096810744582044,0.0111340768682316,0.0053632847372168,0.0164973616054484,0.7128547579298832,0.0095178750941835,0.0053151658688542,0.0071401826064388,0.0124553484752931,0.5258764607679466,0.01013573631644249,0.0064247345086187145,0.014974163216538721,0.008549428707920007
0.01,100,4,0.2255538997875508,0.0085868290501385,0.009492125925737,0.0101530944929864,0.0074823909818326,0.0065821547680598,0.0140645457498925,0.4407345575959933,0.0101850954254165,0.0115053726949234,0.0055067503983948,0.0170121230933182,0.7128547579298832,0.010294452950241,0.0056580910395758,0.0073999298583428,0.0130580208979187,0.4707846410684474,0.011076170019805431,0.007249060960020872,0.015964416228234767,0.008715355268213895
0.01,100,11,0.252654892952881,0.0103762158282822,0.0114317531604211,0.0122678566886526,0.0082490394642532,0.0079406042663905,0.0161896437306438,0.3772954924874791,0.0124645432935312,0.0135407977975193,0.0060015400316182,0.0195423378291376,0.7212020033388982,0.0131789774601357,0.0089129471225578,0.0091756260980271,0.0180885732205849,0.5275459098497496,0.014062589965760708,0.009373928955756129,0.02010838184505701,0.01073445288930088
0.01,100,12,0.2503464201077925,0.0120103930969615,0.0133100675975564,0.0130494299646803,0.0108570438527006,0.0083819112787951,0.0192389551314957,0.4574290484140234,0.0133891129375583,0.0152627102323086,0.007318049811964,0.0225807600442727,0.6911519198664441,0.0131446917937552,0.0087727954979026,0.0085739404747565,0.0173467359726591,0.5091819699499165,0.013779460452497005,0.009124553366564217,0.020017015235498547,0.01089246186893433
0.01,100,25,0.2400261978913273,0.0135485033815536,0.0149705765608549,0.0115115382154883,0.0097248009642534,0.0073379712084007,0.0170627721726542,0.4390651085141903,0.011846403578083,0.0169290340511286,0.005596618951419,0.0225256530025477,0.6978297161936561,0.0115292681344496,0.0067343737288841,0.0082038366053603,0.0149382103342445,0.5225375626043406,0.012640317901968956,0.008238764409907163,0.01846307972446084,0.010224315314553676
0.01,100,2,0.2022233378550512,0.0077864578214086,0.0086007691629753,0.0077293540371539,0.0052948171009575,0.0055552544585926,0.0108500715595501,0.4724540901502504,0.0085527894377913,0.0117014789976747,0.0044465354931362,0.016148014490811,0.7011686143572621,0.0080918085347972,0.0052159874167287,0.0061692006807484,0.0113851880974771,0.5141903171953256,0.008802243508398533,0.005648346594534815,0.013247491233050818,0.0075991446385160035
0.01,100,9,0.2108479813197552,0.0078200895678477,0.0086246035287108,0.0087571355564576,0.0063447609420127,0.0051579739379756,0.0115027348799884,0.4457429048414023,0.0082218452609181,0.0093660433196327,0.0044100407140965,0.0137760840337292,0.7111853088480802,0.0088893740030189,0.0066090519145234,0.0056525121320795,0.012261564046603,0.5275459098497496,0.009564544074237347,0.006182131450623274,0.014228001656010746,0.008045870205387471
0.01,100,16,0.2226850052612482,0.0080840874802106,0.0089185398522448,0.009471811274284,0.0071287610893401,0.0062581996580119,0.013386960747352,0.4657762938230384,0.0103450256478995,0.012729601167689,0.0052159755432829,0.017945576710972,0.669449081803005,0.0098973669954481,0.0061139433535906,0.0069422089426444,0.0130561522962351,0.4908180300500834,0.010754628106951714,0.006919552979525179,0.015867540240287782,0.008947987260762603
0.01,100,26,0.2282470308516908,0.0126307050987353,0.013993784133929,0.0101135204716344,0.0064192246667767,0.007168873712378,0.0135880983791547,0.4524207011686144,0.0100717260017205,0.0103813796701408,0.0057684119554711,0.016149791625612,0.6844741235392321,0.0104485085760937,0.0081213247379074,0.0068988625537852,0.0150201872916926,0.5442404006677797,0.011365341953933239,0.007180474291089922,0.016851919982582328,0.009671445691492406
0.01,100,13,0.21847514261371,0.0102052283570103,0.0112879153978653,0.0091508503165401,0.0082188792307526,0.0056118354773621,0.0138307147081148,0.4507512520868113,0.0094614611019413,0.012984070950811,0.0043010212865449,0.017285092237356,0.6828046744574291,0.0099168377997819,0.0062131876266489,0.0068157158772254,0.0130289035038743,0.5125208681135225,0.01032431423664093,0.006669796898495408,0.015281949192285515,0.008612152293790108
0.01,100,15,0.2196800638151883,0.0098352305248792,0.0108838748494648,0.0093395230506958,0.0058462887120793,0.0068232353243452,0.0126695240364246,0.3772954924874791,0.0099852927999545,0.0121634899857953,0.0049875295145657,0.017151019500361,0.674457429048414,0.009707830491255,0.0062738677859587,0.0069999643238678,0.0132738321098266,0.4908180300500834,0.010479778051376343,0.006696227379143238,0.01573318657465276,0.00903695919550952
0.01,100,17,0.2140992555751133,0.0101971302262164,0.0112771189999545,0.0090513624086978,0.0065787659843404,0.0059989306662053,0.0125776966505457,0.4507512520868113,0.009768779342733,0.01181717571475,0.0046322568352169,0.016449432549967,0.6911519198664441,0.0090495522053259,0.00544951636631,0.0064110817640264,0.0118605981303365,0.4741235392320534,0.009898090735077858,0.006370899162720889,0.01445805092807859,0.008087151765357702
0.01,100,19,0.2209353391223832,0.0087814889520169,0.0097112432438667,0.0094228263598438,0.0058320029999324,0.0065976717360939,0.0124296747360263,0.4841402337228714,0.0102609240533956,0.0120815169432676,0.0058189937890317,0.0179005107322994,0.6844741235392321,0.009848851076905,0.0066313612684899,0.0070013665497458,0.0136327278182358,0.4874791318864774,0.010545500554144382,0.006731521885376426,0.015706346044316886,0.00897482415894046
0.01,100,21,0.2224516353624734,0.009261990265836,0.0102389930128296,0.0095357460483269,0.0083322359148489,0.0057878624175315,0.0141200983323804,0.4524207011686144,0.0100331992434062,0.0092406037548727,0.0061049880889779,0.0153455918438507,0.659432387312187,0.0098896899863508,0.0084305565360401,0.0061962712179051,0.0146268277539453,0.5058430717863105,0.010792825371026993,0.006994323304388673,0.015731902094557878,0.008737578790169204
0.01,100,18,0.212668539680635,0.0094543675171064,0.010450174259646,0.0089185117916225,0.0060925989953641,0.0063330283703371,0.0124256273657013,0.4440734557595993,0.0084421729111348,0.0105831540918614,0.0042516228405286,0.0148347769323901,0.667779632721202,0.0087743250742165,0.005604839192046,0.0061986263358508,0.0118034655278968,0.4791318864774624,0.009666189551353455,0.006371587689500302,0.014477917621843514,0.008106329932343212
0.01,100,20,0.21597614626835,0.0087605517991193,0.0096899462823605,0.008784383506933,0.0064557546943919,0.0057158627501402,0.0121716174445321,0.4290484140233723,0.0088489020174507,0.0092344049011166,0.0049075446782007,0.0141419495793174,0.6944908180300501,0.0092510506431473,0.005519386448246,0.006797494198393,0.0123168806466391,0.5041736227045075,0.010082805529236794,0.006454281567130238,0.01511349061038345,0.008659209043253213
0.01,100,23,0.2174014833036779,0.0093820462349781,0.0103529639439423,0.0091540176147462,0.0061155636464715,0.0065780954513784,0.01269365909785,0.4424040066777963,0.0085638653462301,0.0116252359919655,0.004632112458469,0.0162573484504345,0.674457429048414,0.0091949605889594,0.0058846411257661,0.0060526668469991,0.0119373079727652,0.5492487479131887,0.01021492201834917,0.006535896076820791,0.015154209663160143,0.008618313586339351
0.01,100,24,0.223825176850511,0.0127410323450123,0.0141074722407186,0.0100158126878852,0.0072368562566321,0.0065772255082856,0.0138140817649178,0.4106844741235392,0.0094824325146083,0.0133374738598227,0.0045953566871558,0.0179328305469786,0.7095158597662772,0.0101654562194138,0.0068122997782064,0.006849982936463,0.0136622827146695,0.5325542570951586,0.01087193563580513,0.007027310796547681,0.015779655007645485,0.008752344211097805
0.01,100,27,0.2601656556167831,0.0103758618264065,0.0114625957487801,0.0132271487218627,0.0131823517417025,0.0061866242802829,0.0193689760219855,0.4290484140233723,0.0139694694094816,0.0184607840634699,0.0074943181740275,0.0259551022374974,0.7145242070116862,0.0143700782612982,0.0090272266590308,0.0106207151198119,0.0196479417788427,0.5041736227045075,0.015025495551526546,0.009923820802941921,0.021939343633130187,0.012015522830188266
0.01,100,28,0.2507116060078431,0.0104446549557088,0.0115135059202459,0.0120893514534434,0.0107653200620254,0.0068569973358709,0.0176223173978963,0.4106844741235392,0.0126651042156443,0.0143801409960436,0.0071712535807448,0.0215513945767885,0.7061769616026711,0.0130625118930006,0.0086115165146784,0.0094207587104777,0.0180322752251561,0.4958263772954925,0.013934696093201637,0.009180596726946533,0.020480408752337097,0.011299812025390564
0.01,100,29,0.2247997274922732,0.0141258653661685,0.0156546797421589,0.0102559756788195,0.0121252562962839,0.0069787702087768,0.0191040265050608,0.4307178631051753,0.0103889205876707,0.012566733019708,0.0055474317486807,0.0181141647683888,0.6410684474123539,0.0098460443974856,0.0072257724851496,0.0065098670889137,0.0137356395740634,0.5125208681135225,0.011060608550906181,0.007261006254702806,0.016598195768892758,0.009337189514189952
0.01,100,31,0.2181045291801004,0.0066367322282408,0.0073307472368116,0.0090772299687546,0.0059701318082216,0.0062437795533223,0.0122139113615439,0.3989983305509182,0.0090611416018823,0.0115162118366857,0.0046071019842415,0.0161233138209273,0.67779632721202,0.0094592378790359,0.0064605141371198,0.0067115397165879,0.0131720538537078,0.5108514190317195,0.010276217013597488,0.006578509369865061,0.015168195823207494,0.008589686453342432
0.01,100,30,0.2262380662914416,0.0102110020564627,0.0112544930292897,0.0102129337621403,0.0084012437331471,0.0069572237548692,0.0153584674880164,0.4474123539232053,0.0100564470901306,0.0123534062260455,0.0053867751801847,0.0177401814062302,0.6978297161936561,0.0106804716667798,0.0071749555903192,0.0074152363071824,0.0145901918975016,0.5025041736227045,0.011187196709215641,0.007225542177911848,0.016683915024623273,0.009458372846711425
0.01,100,33,0.2576446296022565,0.0130498220677199,0.0143963204842851,0.0132909261057432,0.0091799432917999,0.0085874240658076,0.0177673673576075,0.4524207011686144,0.0142924961311661,0.017275060320585,0.0075824103346559,0.0248574706552409,0.7429048414023373,0.0132904357497848,0.0088178893793429,0.008900738492186,0.017718627871529,0.5242070116861436,0.014729270711541176,0.009621865022927523,0.0214745158329606,0.011852650810033076
0.01,100,34,0.2236639613953466,0.0083960580302069,0.0092799893254797,0.0095522262166429,0.0064788356836446,0.0066540646561607,0.0131329003398054,0.4090150250417362,0.0104759194267109,0.0132232754919227,0.0057056565976782,0.018928932089601,0.6928213689482471,0.0100751003279632,0.0065616548850166,0.0068705605801251,0.0134322154651418,0.5342237061769616,0.010827598161995411,0.007044777227565646,0.01586668686941265,0.008821909641847005
0.01,100,35,0.2133083563294655,0.0099160837919544,0.0109961345659327,0.0087765826514063,0.0057035009188615,0.0060146713175757,0.0117181722364373,0.4757929883138564,0.0089477656049286,0.0109889313008913,0.0046077737543118,0.0155967050552031,0.7011686143572621,0.0089936679402586,0.0055617600516841,0.0065496754665435,0.0121114355182276,0.5158597662771286,0.009804041124880314,0.006352645915467293,0.014513127156533301,0.008160481241066008
0.01,100,37,0.2161338849606399,0.0089125902114762,0.0098335025272514,0.0095295542110318,0.0068805662313915,0.0063564744151864,0.0132370406465779,0.4524207011686144,0.0100208052235777,0.0143018267808387,0.0052186504956053,0.019520477276444,0.6494156928213689,0.0094524039260149,0.0062798827979815,0.0063172189790325,0.0125971017770141,0.4958263772954925,0.010068281553685665,0.006556319491937758,0.014951091166585682,0.008394771674647925
0.01,100,32,0.1988774516917081,0.0081107312953594,0.0089722451933196,0.0079347660315159,0.0059627344698644,0.0055743377780807,0.0115370722479452,0.4540901502504174,0.0081659722779169,0.0116092378017174,0.0037778763685414,0.0153871141702588,0.7078464106844741,0.0076953673195596,0.0051722692122835,0.0055465779166908,0.0107188471289743,0.4791318864774624,0.008447084575891495,0.005341185664292426,0.012806188105605536,0.00746500244131311
0.01,100,38,0.2175288081741633,0.0097120224154834,0.01072152354693,0.0091647407254753,0.0060796714132569,0.0061305957027628,0.0122102671160197,0.4223706176961602,0.0096461045950867,0.0134498411850007,0.0046368046046231,0.0180866457896239,0.7145242070116862,0.0097265480098241,0.0059937871481455,0.0069573490473788,0.0129511361955243,0.5141903171953256,0.010241691954433918,0.006671603128779682,0.015168579551391302,0.00849697642261162
0.01,100,36,0.2125255412445844,0.0088802017554558,0.0097976391401275,0.0086861882684775,0.0060320621192736,0.0053702677480347,0.0114023298673084,0.4040066777963272,0.0090242988654794,0.0092898291974257,0.0049141944616348,0.0142040236590606,0.676126878130217,0.0092780066869457,0.0074154184319878,0.0062585901089001,0.0136740085408879,0.5008347245409015,0.009702859446406364,0.006255053577478975,0.014631359186023473,0.008376305608544497
0.01,100,39,0.191036387429244,0.0081883080713061,0.0091001311238615,0.0070723915517271,0.0052146029133892,0.0044068629039059,0.0096214658172951,0.4023372287145242,0.0079210535427065,0.0105706331789058,0.0036466358938638,0.0142172690727697,0.7161936560934892,0.007003670763329,0.0051282499261872,0.0045044815652659,0.0096327314914532,0.4874791318864774,0.00781460851430893,0.005030114552937448,0.011648575635626908,0.00661846108268946
